{
  "rows": 13,
  "cols": 13,
  "grid_positions": {
    "cfcf437a-b711-4eba-a6e1-77f2782e1255": {
      "i": 11,
      "j": 9
    },
    "37613d23-b08c-4c07-b50b-16df10bfb6f2": {
      "i": 9,
      "j": 3
    },
    "cd6b4699-2f9d-44ae-a80e-1b10d2497357": {
      "i": 1,
      "j": 3
    },
    "e35e6d5a-eb31-4e1f-b650-dde86494f2fa": {
      "i": 10,
      "j": 3
    },
    "af63cc6d-15f8-4eaa-9584-d6a49826b44f": {
      "i": 7,
      "j": 10
    },
    "192691b4-2da7-4651-a892-454b6768b868": {
      "i": 0,
      "j": 4
    },
    "8ce10889-cb8e-4d63-938f-eff3c255852b": {
      "i": 5,
      "j": 3
    },
    "d6bde795-fa95-4c39-81ee-9973f94f89ac": {
      "i": 10,
      "j": 4
    },
    "0953014b-f8fa-4f3d-95e4-3d5ed1f7e917": {
      "i": 4,
      "j": 1
    },
    "c62ef964-9bad-4b70-a146-ebabe36ece51": {
      "i": 11,
      "j": 8
    },
    "d5c528ce-ebe4-48bd-a5d3-579d904b8983": {
      "i": 8,
      "j": 0
    },
    "a38d5d43-01c9-471b-b37c-c13402b057a8": {
      "i": 10,
      "j": 7
    },
    "8b535b5d-7d8e-4a16-b57d-42f1f6103a06": {
      "i": 3,
      "j": 7
    },
    "711fb2e4-3d4d-4671-9fa7-160dce7ea3a2": {
      "i": 2,
      "j": 1
    },
    "069f2b7a-d568-446b-baa1-ae5b3961a140": {
      "i": 10,
      "j": 0
    },
    "3a656a16-0b6a-42b8-9ae0-42f97adb9f7d": {
      "i": 10,
      "j": 6
    },
    "b43355e5-d3eb-4576-8b40-a66dad33cd84": {
      "i": 6,
      "j": 12
    },
    "a825204b-b8da-498f-8358-cd5c5961c500": {
      "i": 4,
      "j": 5
    },
    "1505b67c-0771-405d-b2c3-b44d50b1587c": {
      "i": 9,
      "j": 8
    },
    "43131acd-1dc0-4f74-a115-1f4e9d275926": {
      "i": 4,
      "j": 2
    },
    "79290a11-7cbc-495a-8200-f45cb2ea3fc0": {
      "i": 10,
      "j": 2
    },
    "e917aea6-e53c-45db-b274-609984c5a807": {
      "i": 6,
      "j": 10
    },
    "fc2a32c4-17ec-45d8-a6aa-43eff38e0316": {
      "i": 1,
      "j": 2
    },
    "52c3d915-1a68-48df-90cb-86580af2926e": {
      "i": 11,
      "j": 11
    },
    "ea39e07f-149a-41cd-aeee-578a6cce5c4b": {
      "i": 4,
      "j": 11
    },
    "c1dfaf75-dadb-4595-9ddc-d9f02895e14c": {
      "i": 1,
      "j": 5
    },
    "74758c65-436a-43fb-9024-0b97d59b406a": {
      "i": 0,
      "j": 5
    },
    "e96b574d-02ca-4dd3-8ddb-aa2c0fb99089": {
      "i": 7,
      "j": 2
    },
    "8f0ddca0-c0ac-4c07-8e8d-11d30cb5ea50": {
      "i": 10,
      "j": 11
    },
    "104b3bba-f032-485c-9331-70092edf4f44": {
      "i": 3,
      "j": 0
    },
    "6c8e5fbe-c291-49b1-979b-bdeca2479a16": {
      "i": 2,
      "j": 5
    },
    "7fc3fad9-248f-4626-953a-5fde46547e4d": {
      "i": 6,
      "j": 11
    },
    "73880f5b-7b66-4612-84b8-bd57ff73e032": {
      "i": 5,
      "j": 11
    },
    "0795b387-76c9-4829-9544-2b5a7dbfe131": {
      "i": 8,
      "j": 7
    },
    "4598abfb-103f-43d9-b9a4-d0fa3f6c46a4": {
      "i": 6,
      "j": 9
    },
    "887cf685-ba9b-4dbf-8e11-8610358d4f51": {
      "i": 3,
      "j": 2
    },
    "9328ca3c-7a5e-4894-8ae0-82c341467c67": {
      "i": 7,
      "j": 11
    },
    "9bdae7b8-49ee-4702-a0e3-b5808ef70ecb": {
      "i": 1,
      "j": 1
    },
    "6589c879-6bf0-4ba1-afc8-3abc81801d27": {
      "i": 0,
      "j": 3
    },
    "c8488ad4-057e-4145-9b4d-97bb3ddff606": {
      "i": 8,
      "j": 8
    },
    "22cf5240-f25d-4ba6-bd5c-42574397af5f": {
      "i": 10,
      "j": 9
    },
    "fc942571-f250-47b2-a0ef-76b3cf5df5f4": {
      "i": 9,
      "j": 12
    },
    "7a1d93b7-8801-4ef4-b3b5-61f221daaf7d": {
      "i": 11,
      "j": 7
    },
    "1b6bb710-7bb2-4d78-a46f-431a15da611f": {
      "i": 2,
      "j": 9
    },
    "c35dfc5f-ed8f-4214-9f02-f7bc46664a6a": {
      "i": 8,
      "j": 3
    },
    "349013ed-672d-4deb-b510-fede44bd9db0": {
      "i": 4,
      "j": 0
    },
    "bc38c410-069c-4f73-b83f-fb45236ffdd0": {
      "i": 11,
      "j": 10
    },
    "07dadac8-93cf-48db-80f5-50e6765815c8": {
      "i": 3,
      "j": 3
    },
    "385d8e3b-f21b-46b0-8d9d-7768e9c5130f": {
      "i": 1,
      "j": 6
    },
    "b6e0eda6-4dae-4d74-9e2c-22fbc4d1a53e": {
      "i": 4,
      "j": 4
    },
    "dd131669-fe1a-4978-93a4-49de5786dd95": {
      "i": 6,
      "j": 6
    },
    "3e1c6066-2548-42a2-9ff8-9b6e8583d774": {
      "i": 7,
      "j": 8
    },
    "91bea726-89c0-4fd1-9982-c07f4316df46": {
      "i": 10,
      "j": 10
    },
    "0d5a0cca-e5cb-491d-bf12-83d709e26175": {
      "i": 10,
      "j": 5
    },
    "13566f89-a875-46ee-8f13-0da3e446bf23": {
      "i": 6,
      "j": 0
    },
    "a644be08-b955-4fec-b311-9e21a93011d5": {
      "i": 6,
      "j": 2
    },
    "5e3d675a-076e-42c9-90ee-55f08579ae8b": {
      "i": 5,
      "j": 4
    },
    "b2a93677-59f4-4909-b563-b1e8a2ea1742": {
      "i": 11,
      "j": 4
    },
    "b802a46f-e835-4183-a0e8-d1fd7a82f9e7": {
      "i": 5,
      "j": 9
    },
    "da0f8a0b-24b1-47b9-b603-7d66f1339b93": {
      "i": 6,
      "j": 7
    },
    "a25d3c03-c6ec-416b-bc0b-c76622aa2bba": {
      "i": 3,
      "j": 10
    },
    "cefd6ac6-2153-4a00-93bd-a4987998e75e": {
      "i": 9,
      "j": 9
    },
    "7f6c0f8f-3a41-4d12-ab58-7dfdce14a494": {
      "i": 12,
      "j": 7
    },
    "a786bf47-40fd-4c56-933b-f3b8f2c395c1": {
      "i": 11,
      "j": 6
    },
    "feb87328-42a2-43b1-a105-00b7d69db76f": {
      "i": 3,
      "j": 5
    },
    "49dfef9b-0502-4117-8bdc-037b63411491": {
      "i": 3,
      "j": 11
    },
    "20ec43d4-381f-4570-ad2a-cd97c3e28060": {
      "i": 6,
      "j": 5
    },
    "c921791f-ac36-49a9-bce8-3408246373ac": {
      "i": 8,
      "j": 4
    },
    "50aa877c-ccd3-40a9-b7c2-a117ab4ed585": {
      "i": 8,
      "j": 11
    },
    "e92447ce-bce0-4408-a79c-eaa6e115259b": {
      "i": 12,
      "j": 3
    },
    "9e21a9a5-a10f-45e3-8d1f-5d4b9bea9a49": {
      "i": 4,
      "j": 7
    },
    "17c9d906-327d-4f95-abab-58bd4f8b0730": {
      "i": 0,
      "j": 9
    },
    "c502bc41-9e32-4c71-8bd9-bc17ac72a65a": {
      "i": 7,
      "j": 12
    },
    "9aee2139-c797-4687-a8d5-602708b5fa0a": {
      "i": 1,
      "j": 9
    },
    "50ff7b4a-ec55-49ac-99a8-ff0e3ba379ab": {
      "i": 10,
      "j": 8
    },
    "f31cd853-189b-4b08-84df-ccc54e43094c": {
      "i": 8,
      "j": 10
    },
    "a9e11d2e-d0fe-4ba7-b0d6-52d8a1e42166": {
      "i": 10,
      "j": 1
    },
    "6089175b-c58d-4a3d-a8b6-3885587c465b": {
      "i": 5,
      "j": 5
    },
    "ce062c48-ecd6-4d22-9ccb-8e47210040aa": {
      "i": 6,
      "j": 1
    },
    "7f38de29-c865-48ef-9742-b14eace2a9d7": {
      "i": 5,
      "j": 2
    },
    "c1e10c4d-db69-45dc-a908-3a86c25980ec": {
      "i": 2,
      "j": 8
    },
    "5056a8f1-8bdf-4ef5-a1cd-520067d00f5e": {
      "i": 0,
      "j": 2
    },
    "ae3e836e-3833-486d-a2fd-924ca080f4d5": {
      "i": 9,
      "j": 1
    },
    "62f4edd7-3165-4f76-9b4e-b1d004113d8b": {
      "i": 8,
      "j": 9
    },
    "b954a246-97fe-46fc-8f40-e6c281e43897": {
      "i": 11,
      "j": 5
    },
    "09ec7327-7051-49ff-b684-7fc50a96ea32": {
      "i": 1,
      "j": 8
    },
    "bcecc5ad-b24b-41b1-a5c1-b129cc4ad6bd": {
      "i": 9,
      "j": 4
    },
    "c864116f-9094-4c62-912e-94915fdb3d56": {
      "i": 3,
      "j": 9
    },
    "078ca916-15ad-4ae0-b31d-971bfa7f5ecf": {
      "i": 5,
      "j": 12
    },
    "e0832db9-d40c-49b8-a75e-6e82c544b49c": {
      "i": 7,
      "j": 5
    },
    "fea4c8a2-32ef-46ad-a6ce-9d054347bc53": {
      "i": 1,
      "j": 10
    },
    "0af69444-a188-4200-9fc2-84df847aeecf": {
      "i": 8,
      "j": 2
    },
    "0fb2978f-adb8-4d51-9218-54e6a9af827e": {
      "i": 9,
      "j": 11
    },
    "df9162ce-2f46-4b18-8453-13a3fccd03a8": {
      "i": 6,
      "j": 4
    },
    "0d7cb3b3-e992-43a9-acba-b876e1b96cf3": {
      "i": 2,
      "j": 4
    },
    "147e1d0c-6a76-46f8-8541-a837b6aefbb1": {
      "i": 2,
      "j": 11
    },
    "3c278e72-b3dc-4fa4-991f-c77cec01d527": {
      "i": 7,
      "j": 4
    },
    "589d86f1-91d0-4d9f-93c6-4bf0c3628120": {
      "i": 1,
      "j": 7
    },
    "c6a41d95-dfa5-44db-b9e7-abe9b916fd35": {
      "i": 2,
      "j": 2
    },
    "e8888c62-ef1a-4b12-90ee-dc9fdfcefc8d": {
      "i": 5,
      "j": 0
    },
    "68434e3f-a8c7-4688-8770-24a71d1e9799": {
      "i": 5,
      "j": 10
    },
    "199b4422-64ec-4286-a0bd-07db05defac9": {
      "i": 4,
      "j": 9
    },
    "5e02c650-a94d-4afa-841b-866bed6b7645": {
      "i": 6,
      "j": 3
    },
    "ea9c27c8-6b10-4fb5-8821-7ecee77bde89": {
      "i": 0,
      "j": 6
    },
    "b8f28a8a-046f-413b-a244-30bafa27434e": {
      "i": 8,
      "j": 1
    },
    "1b0229d5-2326-42dd-8567-b41f989e7a1b": {
      "i": 4,
      "j": 8
    },
    "a9f39f1c-aa2d-4063-9f16-b2c444b72ff3": {
      "i": 3,
      "j": 1
    },
    "7afa03a6-1278-4fb3-bc6f-6599f08afb08": {
      "i": 1,
      "j": 4
    },
    "39011fec-13b6-4b9e-99fe-4d114566837f": {
      "i": 0,
      "j": 1
    },
    "8700cf87-fbc5-48d2-9aa3-f0b870c893f1": {
      "i": 2,
      "j": 6
    },
    "ddd0d9ff-7346-4e89-88b4-07d29b9c710d": {
      "i": 1,
      "j": 0
    },
    "c9a6ca84-3f51-4f34-b468-cd2201e49408": {
      "i": 8,
      "j": 6
    },
    "4c8fec46-a9af-4b49-a793-05dbf1acf371": {
      "i": 3,
      "j": 8
    },
    "315a017d-de24-4bdf-be9b-91d4124d27ce": {
      "i": 7,
      "j": 9
    },
    "133e358b-6935-4b10-a74a-228943b6cefb": {
      "i": 12,
      "j": 8
    },
    "6a279aa3-bec8-45b7-91b3-cf5d94fcfc43": {
      "i": 7,
      "j": 3
    },
    "50d2fdb3-7a77-4e9c-b818-c7ff22ba6635": {
      "i": 2,
      "j": 10
    },
    "ca8a6f6d-9fa0-44d7-aad6-5ec26657b2c0": {
      "i": 11,
      "j": 3
    },
    "0d8e4226-cb72-4c6d-a88a-b7aa56d0d6bc": {
      "i": 9,
      "j": 2
    },
    "9b2e3f9d-d300-4708-9870-e90016047219": {
      "i": 7,
      "j": 1
    },
    "5cbb10f4-db50-46b5-b9e5-1f6e371d9aa0": {
      "i": 2,
      "j": 0
    },
    "1724c6d0-75f7-49ed-afec-5ac1b32fa73f": {
      "i": 4,
      "j": 6
    },
    "dc02e494-5757-4e8e-a662-e1789eb167c5": {
      "i": 0,
      "j": 7
    },
    "fae6c20d-892b-42ca-8cd6-56baa856593a": {
      "i": 9,
      "j": 7
    },
    "3ab474a5-3d99-4c66-9b6b-46d098cd20ef": {
      "i": 4,
      "j": 12
    },
    "9e58bb17-1a13-418e-bbd3-58f74c753ef6": {
      "i": 0,
      "j": 8
    },
    "1d8ec7d7-551d-4913-b7e0-b6fd7862b763": {
      "i": 12,
      "j": 10
    },
    "9fe88d67-606c-47e8-ad18-5b1f9e59034e": {
      "i": 6,
      "j": 8
    },
    "fd82d87d-9141-4404-b4f8-9747a161c7d6": {
      "i": 9,
      "j": 10
    },
    "1777f36c-f95d-4c34-b360-d4ae9127cc54": {
      "i": 7,
      "j": 7
    },
    "5d5e5ea3-7608-4956-84da-89db6368d883": {
      "i": 7,
      "j": 6
    },
    "2bfc6a80-acb7-4a1a-a160-e725c961561e": {
      "i": 2,
      "j": 7
    },
    "7220c4f0-198d-49d8-a302-0034746db276": {
      "i": 8,
      "j": 12
    },
    "99fa3af1-ed06-4d53-97c2-b499c01e64f1": {
      "i": 9,
      "j": 5
    },
    "51d8f069-f81a-41bd-a302-7ad4456c9da3": {
      "i": 3,
      "j": 6
    },
    "a268df2d-61f2-4118-a08d-db1fc9420a39": {
      "i": 7,
      "j": 0
    },
    "2a2eeb5a-86f3-4422-a22f-c397717e084f": {
      "i": 12,
      "j": 11
    },
    "ce4aee36-028f-458b-bc29-6af83892ae53": {
      "i": 4,
      "j": 10
    },
    "6055c498-4c04-4c92-a43f-1d8cd4114a78": {
      "i": 12,
      "j": 9
    },
    "5cfaa5e1-ecfd-4b06-a912-ad18302354b1": {
      "i": 2,
      "j": 3
    },
    "57416e12-dd93-45a3-8375-1fa7a36cf61b": {
      "i": 3,
      "j": 4
    },
    "ab3e21c3-44e8-47c7-b7f3-0bf8e2f593d3": {
      "i": 5,
      "j": 7
    },
    "4c82cb57-ac76-4455-a5b5-907a31cf4484": {
      "i": 5,
      "j": 8
    },
    "403e567e-614a-4a9e-9e9a-af2077d40db1": {
      "i": 4,
      "j": 3
    },
    "dd4508ea-8ec2-4d6c-995e-ef0a104868ec": {
      "i": 9,
      "j": 0
    },
    "dfcf171f-7226-49b0-9697-b9edb6f11280": {
      "i": 9,
      "j": 6
    },
    "821be408-7fda-43be-adb7-3fa9e583bd9f": {
      "i": 8,
      "j": 5
    },
    "d2dea009-2902-4919-bc09-5b3a6aa7fa60": {
      "i": 5,
      "j": 1
    },
    "848e435d-f152-476b-b807-1211fb1f026e": {
      "i": 5,
      "j": 6
    },
    "fe9438c3-62a9-4ba8-9da9-49e184944ffa": {
      "i": 11,
      "j": 2
    }
  },
  "representative_keys": [
    "cfcf437a-b711-4eba-a6e1-77f2782e1255",
    "37613d23-b08c-4c07-b50b-16df10bfb6f2",
    "cd6b4699-2f9d-44ae-a80e-1b10d2497357",
    "e35e6d5a-eb31-4e1f-b650-dde86494f2fa",
    "af63cc6d-15f8-4eaa-9584-d6a49826b44f",
    "192691b4-2da7-4651-a892-454b6768b868",
    "8ce10889-cb8e-4d63-938f-eff3c255852b",
    "d6bde795-fa95-4c39-81ee-9973f94f89ac",
    "0953014b-f8fa-4f3d-95e4-3d5ed1f7e917",
    "c62ef964-9bad-4b70-a146-ebabe36ece51",
    "d5c528ce-ebe4-48bd-a5d3-579d904b8983",
    "a38d5d43-01c9-471b-b37c-c13402b057a8",
    "8b535b5d-7d8e-4a16-b57d-42f1f6103a06",
    "711fb2e4-3d4d-4671-9fa7-160dce7ea3a2",
    "069f2b7a-d568-446b-baa1-ae5b3961a140",
    "3a656a16-0b6a-42b8-9ae0-42f97adb9f7d",
    "b43355e5-d3eb-4576-8b40-a66dad33cd84",
    "a825204b-b8da-498f-8358-cd5c5961c500",
    "1505b67c-0771-405d-b2c3-b44d50b1587c",
    "43131acd-1dc0-4f74-a115-1f4e9d275926",
    "79290a11-7cbc-495a-8200-f45cb2ea3fc0",
    "e917aea6-e53c-45db-b274-609984c5a807",
    "fc2a32c4-17ec-45d8-a6aa-43eff38e0316",
    "52c3d915-1a68-48df-90cb-86580af2926e",
    "ea39e07f-149a-41cd-aeee-578a6cce5c4b",
    "c1dfaf75-dadb-4595-9ddc-d9f02895e14c",
    "74758c65-436a-43fb-9024-0b97d59b406a",
    "e96b574d-02ca-4dd3-8ddb-aa2c0fb99089",
    "8f0ddca0-c0ac-4c07-8e8d-11d30cb5ea50",
    "104b3bba-f032-485c-9331-70092edf4f44",
    "6c8e5fbe-c291-49b1-979b-bdeca2479a16",
    "7fc3fad9-248f-4626-953a-5fde46547e4d",
    "73880f5b-7b66-4612-84b8-bd57ff73e032",
    "0795b387-76c9-4829-9544-2b5a7dbfe131",
    "4598abfb-103f-43d9-b9a4-d0fa3f6c46a4",
    "887cf685-ba9b-4dbf-8e11-8610358d4f51",
    "9328ca3c-7a5e-4894-8ae0-82c341467c67",
    "9bdae7b8-49ee-4702-a0e3-b5808ef70ecb",
    "6589c879-6bf0-4ba1-afc8-3abc81801d27",
    "c8488ad4-057e-4145-9b4d-97bb3ddff606",
    "22cf5240-f25d-4ba6-bd5c-42574397af5f",
    "fc942571-f250-47b2-a0ef-76b3cf5df5f4",
    "7a1d93b7-8801-4ef4-b3b5-61f221daaf7d",
    "1b6bb710-7bb2-4d78-a46f-431a15da611f",
    "c35dfc5f-ed8f-4214-9f02-f7bc46664a6a",
    "349013ed-672d-4deb-b510-fede44bd9db0",
    "bc38c410-069c-4f73-b83f-fb45236ffdd0",
    "07dadac8-93cf-48db-80f5-50e6765815c8",
    "385d8e3b-f21b-46b0-8d9d-7768e9c5130f",
    "b6e0eda6-4dae-4d74-9e2c-22fbc4d1a53e",
    "dd131669-fe1a-4978-93a4-49de5786dd95",
    "3e1c6066-2548-42a2-9ff8-9b6e8583d774",
    "91bea726-89c0-4fd1-9982-c07f4316df46",
    "0d5a0cca-e5cb-491d-bf12-83d709e26175",
    "13566f89-a875-46ee-8f13-0da3e446bf23",
    "a644be08-b955-4fec-b311-9e21a93011d5",
    "5e3d675a-076e-42c9-90ee-55f08579ae8b",
    "b2a93677-59f4-4909-b563-b1e8a2ea1742",
    "b802a46f-e835-4183-a0e8-d1fd7a82f9e7",
    "da0f8a0b-24b1-47b9-b603-7d66f1339b93",
    "a25d3c03-c6ec-416b-bc0b-c76622aa2bba",
    "cefd6ac6-2153-4a00-93bd-a4987998e75e",
    "7f6c0f8f-3a41-4d12-ab58-7dfdce14a494",
    "a786bf47-40fd-4c56-933b-f3b8f2c395c1",
    "feb87328-42a2-43b1-a105-00b7d69db76f",
    "49dfef9b-0502-4117-8bdc-037b63411491",
    "20ec43d4-381f-4570-ad2a-cd97c3e28060",
    "c921791f-ac36-49a9-bce8-3408246373ac",
    "50aa877c-ccd3-40a9-b7c2-a117ab4ed585",
    "e92447ce-bce0-4408-a79c-eaa6e115259b",
    "9e21a9a5-a10f-45e3-8d1f-5d4b9bea9a49",
    "17c9d906-327d-4f95-abab-58bd4f8b0730",
    "c502bc41-9e32-4c71-8bd9-bc17ac72a65a",
    "9aee2139-c797-4687-a8d5-602708b5fa0a",
    "50ff7b4a-ec55-49ac-99a8-ff0e3ba379ab",
    "f31cd853-189b-4b08-84df-ccc54e43094c",
    "a9e11d2e-d0fe-4ba7-b0d6-52d8a1e42166",
    "6089175b-c58d-4a3d-a8b6-3885587c465b",
    "ce062c48-ecd6-4d22-9ccb-8e47210040aa",
    "7f38de29-c865-48ef-9742-b14eace2a9d7",
    "c1e10c4d-db69-45dc-a908-3a86c25980ec",
    "5056a8f1-8bdf-4ef5-a1cd-520067d00f5e",
    "ae3e836e-3833-486d-a2fd-924ca080f4d5",
    "62f4edd7-3165-4f76-9b4e-b1d004113d8b",
    "b954a246-97fe-46fc-8f40-e6c281e43897",
    "09ec7327-7051-49ff-b684-7fc50a96ea32",
    "bcecc5ad-b24b-41b1-a5c1-b129cc4ad6bd",
    "c864116f-9094-4c62-912e-94915fdb3d56",
    "078ca916-15ad-4ae0-b31d-971bfa7f5ecf",
    "e0832db9-d40c-49b8-a75e-6e82c544b49c",
    "fea4c8a2-32ef-46ad-a6ce-9d054347bc53",
    "0af69444-a188-4200-9fc2-84df847aeecf",
    "0fb2978f-adb8-4d51-9218-54e6a9af827e",
    "df9162ce-2f46-4b18-8453-13a3fccd03a8",
    "0d7cb3b3-e992-43a9-acba-b876e1b96cf3",
    "147e1d0c-6a76-46f8-8541-a837b6aefbb1",
    "3c278e72-b3dc-4fa4-991f-c77cec01d527",
    "589d86f1-91d0-4d9f-93c6-4bf0c3628120",
    "c6a41d95-dfa5-44db-b9e7-abe9b916fd35",
    "e8888c62-ef1a-4b12-90ee-dc9fdfcefc8d",
    "68434e3f-a8c7-4688-8770-24a71d1e9799",
    "199b4422-64ec-4286-a0bd-07db05defac9",
    "5e02c650-a94d-4afa-841b-866bed6b7645",
    "ea9c27c8-6b10-4fb5-8821-7ecee77bde89",
    "b8f28a8a-046f-413b-a244-30bafa27434e",
    "1b0229d5-2326-42dd-8567-b41f989e7a1b",
    "a9f39f1c-aa2d-4063-9f16-b2c444b72ff3",
    "7afa03a6-1278-4fb3-bc6f-6599f08afb08",
    "39011fec-13b6-4b9e-99fe-4d114566837f",
    "8700cf87-fbc5-48d2-9aa3-f0b870c893f1",
    "ddd0d9ff-7346-4e89-88b4-07d29b9c710d",
    "c9a6ca84-3f51-4f34-b468-cd2201e49408",
    "4c8fec46-a9af-4b49-a793-05dbf1acf371",
    "315a017d-de24-4bdf-be9b-91d4124d27ce",
    "133e358b-6935-4b10-a74a-228943b6cefb",
    "6a279aa3-bec8-45b7-91b3-cf5d94fcfc43",
    "50d2fdb3-7a77-4e9c-b818-c7ff22ba6635",
    "ca8a6f6d-9fa0-44d7-aad6-5ec26657b2c0",
    "0d8e4226-cb72-4c6d-a88a-b7aa56d0d6bc",
    "9b2e3f9d-d300-4708-9870-e90016047219",
    "5cbb10f4-db50-46b5-b9e5-1f6e371d9aa0",
    "1724c6d0-75f7-49ed-afec-5ac1b32fa73f",
    "dc02e494-5757-4e8e-a662-e1789eb167c5",
    "fae6c20d-892b-42ca-8cd6-56baa856593a",
    "3ab474a5-3d99-4c66-9b6b-46d098cd20ef",
    "9e58bb17-1a13-418e-bbd3-58f74c753ef6",
    "1d8ec7d7-551d-4913-b7e0-b6fd7862b763",
    "9fe88d67-606c-47e8-ad18-5b1f9e59034e",
    "fd82d87d-9141-4404-b4f8-9747a161c7d6",
    "1777f36c-f95d-4c34-b360-d4ae9127cc54",
    "5d5e5ea3-7608-4956-84da-89db6368d883",
    "2bfc6a80-acb7-4a1a-a160-e725c961561e",
    "7220c4f0-198d-49d8-a302-0034746db276",
    "99fa3af1-ed06-4d53-97c2-b499c01e64f1",
    "51d8f069-f81a-41bd-a302-7ad4456c9da3",
    "a268df2d-61f2-4118-a08d-db1fc9420a39",
    "2a2eeb5a-86f3-4422-a22f-c397717e084f",
    "ce4aee36-028f-458b-bc29-6af83892ae53",
    "6055c498-4c04-4c92-a43f-1d8cd4114a78",
    "5cfaa5e1-ecfd-4b06-a912-ad18302354b1",
    "57416e12-dd93-45a3-8375-1fa7a36cf61b",
    "ab3e21c3-44e8-47c7-b7f3-0bf8e2f593d3",
    "4c82cb57-ac76-4455-a5b5-907a31cf4484",
    "403e567e-614a-4a9e-9e9a-af2077d40db1",
    "dd4508ea-8ec2-4d6c-995e-ef0a104868ec",
    "dfcf171f-7226-49b0-9697-b9edb6f11280",
    "821be408-7fda-43be-adb7-3fa9e583bd9f",
    "d2dea009-2902-4919-bc09-5b3a6aa7fa60",
    "848e435d-f152-476b-b807-1211fb1f026e",
    "fe9438c3-62a9-4ba8-9da9-49e184944ffa"
  ]
}