{
  "rows": 12,
  "cols": 12,
  "grid_positions": {
    "13566f89-a875-46ee-8f13-0da3e446bf23": {
      "i": 4,
      "j": 2
    },
    "54914796-715f-4ff8-ad5e-0942347d6225": {
      "i": 1,
      "j": 5
    },
    "1b70a9be-915f-46db-8f4b-2db211c9e1de": {
      "i": 5,
      "j": 2
    },
    "3832929f-09e5-49a9-888b-e02c3ea6ed22": {
      "i": 4,
      "j": 10
    },
    "3ac4d6c1-fc11-4f91-ba52-1ce5d53b2d6a": {
      "i": 10,
      "j": 9
    },
    "50dbab68-6a82-4fd9-addd-b922e8720745": {
      "i": 8,
      "j": 2
    },
    "aeea2d8c-e5d8-4458-a911-f70de235f966": {
      "i": 2,
      "j": 3
    },
    "e96b574d-02ca-4dd3-8ddb-aa2c0fb99089": {
      "i": 4,
      "j": 4
    },
    "77d6a8d0-51f1-4b34-a3e9-8cf95ab4602e": {
      "i": 10,
      "j": 4
    },
    "cf6940f3-761c-493a-b57d-47ee29a8895b": {
      "i": 10,
      "j": 5
    },
    "7d9e615a-9d78-465d-920d-8542058ff048": {
      "i": 7,
      "j": 4
    },
    "74758c65-436a-43fb-9024-0b97d59b406a": {
      "i": 7,
      "j": 10
    },
    "d41bd1e9-d7c1-41d7-8ed4-e00731ff2b41": {
      "i": 10,
      "j": 0
    },
    "19570525-73af-48ae-a4ad-4e7c973de1d2": {
      "i": 8,
      "j": 8
    },
    "98aa656b-7969-4cc6-bd45-0ff484bdff04": {
      "i": 10,
      "j": 2
    },
    "e917aea6-e53c-45db-b274-609984c5a807": {
      "i": 8,
      "j": 3
    },
    "f167cdca-8e35-4fe6-a6ae-23643c68d96d": {
      "i": 10,
      "j": 6
    },
    "73880f5b-7b66-4612-84b8-bd57ff73e032": {
      "i": 9,
      "j": 4
    },
    "c35dfc5f-ed8f-4214-9f02-f7bc46664a6a": {
      "i": 2,
      "j": 5
    },
    "d7c5ef6b-ad5c-4c06-8638-c5cb2c016010": {
      "i": 6,
      "j": 3
    },
    "d3ab638c-07f1-4160-bb25-2b64e96f35a6": {
      "i": 8,
      "j": 5
    },
    "8b535b5d-7d8e-4a16-b57d-42f1f6103a06": {
      "i": 7,
      "j": 8
    },
    "cefd6ac6-2153-4a00-93bd-a4987998e75e": {
      "i": 11,
      "j": 3
    },
    "7bde6d6f-e647-4d25-b00f-c7a1aaa127d3": {
      "i": 1,
      "j": 4
    },
    "349013ed-672d-4deb-b510-fede44bd9db0": {
      "i": 0,
      "j": 4
    },
    "9e21a9a5-a10f-45e3-8d1f-5d4b9bea9a49": {
      "i": 5,
      "j": 9
    },
    "52c3d915-1a68-48df-90cb-86580af2926e": {
      "i": 11,
      "j": 1
    },
    "8ff3ff0a-139e-445f-87ef-1b2ece62fc7a": {
      "i": 9,
      "j": 3
    },
    "5e3d675a-076e-42c9-90ee-55f08579ae8b": {
      "i": 4,
      "j": 3
    },
    "0321e845-a750-40d4-9e44-544fd264e99b": {
      "i": 6,
      "j": 8
    },
    "0d5a0cca-e5cb-491d-bf12-83d709e26175": {
      "i": 4,
      "j": 6
    },
    "88f847cc-e243-43b9-9e7c-4f1dae1c9151": {
      "i": 11,
      "j": 9
    },
    "5771f968-3cc7-41a6-92aa-773526a58e4a": {
      "i": 4,
      "j": 1
    },
    "9aee2139-c797-4687-a8d5-602708b5fa0a": {
      "i": 6,
      "j": 6
    },
    "eeb10c9b-8330-4163-aee4-25ad1a2603bf": {
      "i": 5,
      "j": 0
    },
    "b73cc558-63bf-438b-a722-f66949524aaa": {
      "i": 2,
      "j": 4
    },
    "069f2b7a-d568-446b-baa1-ae5b3961a140": {
      "i": 1,
      "j": 7
    },
    "bf1236a3-7c7d-408b-9994-8ee5fe4e36bd": {
      "i": 11,
      "j": 2
    },
    "5cbb10f4-db50-46b5-b9e5-1f6e371d9aa0": {
      "i": 5,
      "j": 3
    },
    "6c8e5fbe-c291-49b1-979b-bdeca2479a16": {
      "i": 4,
      "j": 8
    },
    "064146ce-d0ff-4125-8c69-4fc12c7b6d8c": {
      "i": 2,
      "j": 1
    },
    "ddd0d9ff-7346-4e89-88b4-07d29b9c710d": {
      "i": 6,
      "j": 5
    },
    "50aa877c-ccd3-40a9-b7c2-a117ab4ed585": {
      "i": 10,
      "j": 3
    },
    "37a943a5-3288-4891-8f70-00b12f61b139": {
      "i": 7,
      "j": 1
    },
    "a7118d9e-2da1-4b98-b2f8-aa7e428f5870": {
      "i": 11,
      "j": 0
    },
    "ab0db1be-d292-4b8b-a0a1-418164d4109c": {
      "i": 3,
      "j": 6
    },
    "91bea726-89c0-4fd1-9982-c07f4316df46": {
      "i": 10,
      "j": 1
    },
    "88c61072-97da-4682-b7ac-0258680a31d7": {
      "i": 0,
      "j": 1
    },
    "2db6913c-97a0-45dd-a38e-280cc76d6baf": {
      "i": 7,
      "j": 2
    },
    "650918d2-5809-4ee5-b523-d5dfb8b055db": {
      "i": 7,
      "j": 6
    },
    "d6bde795-fa95-4c39-81ee-9973f94f89ac": {
      "i": 2,
      "j": 7
    },
    "f2206eb6-8a7d-4363-82aa-bdbc9bfae797": {
      "i": 9,
      "j": 1
    },
    "4598abfb-103f-43d9-b9a4-d0fa3f6c46a4": {
      "i": 8,
      "j": 0
    },
    "1acc20ec-6429-4dea-b8cb-c91938a4cbcf": {
      "i": 5,
      "j": 1
    },
    "3e1c6066-2548-42a2-9ff8-9b6e8583d774": {
      "i": 11,
      "j": 10
    },
    "b43355e5-d3eb-4576-8b40-a66dad33cd84": {
      "i": 11,
      "j": 5
    },
    "315a017d-de24-4bdf-be9b-91d4124d27ce": {
      "i": 10,
      "j": 8
    },
    "0d92fa62-08ae-4c53-8556-79c4adaa6fc7": {
      "i": 11,
      "j": 6
    },
    "683efda4-7375-4261-8357-fcf99d8be93c": {
      "i": 9,
      "j": 9
    },
    "40b0a034-e9df-47e8-8a55-6e2a02cf7b61": {
      "i": 6,
      "j": 1
    },
    "a258654f-bfb7-4af6-9252-1d37721932eb": {
      "i": 9,
      "j": 0
    },
    "da0f8a0b-24b1-47b9-b603-7d66f1339b93": {
      "i": 6,
      "j": 10
    },
    "7c294c7f-85ff-4b26-be19-a2db4749d52c": {
      "i": 4,
      "j": 7
    },
    "d7956836-307b-47f8-a450-fe9e5f4ac125": {
      "i": 4,
      "j": 9
    },
    "9328ca3c-7a5e-4894-8ae0-82c341467c67": {
      "i": 11,
      "j": 4
    },
    "650c0d27-7198-4061-8fd6-c05afc0cb6fd": {
      "i": 10,
      "j": 7
    },
    "6589c879-6bf0-4ba1-afc8-3abc81801d27": {
      "i": 0,
      "j": 2
    },
    "e9017c8f-5248-4232-9a6d-800a7469b903": {
      "i": 2,
      "j": 8
    },
    "6f5d3759-5e68-4641-ad88-4266db476bd6": {
      "i": 6,
      "j": 9
    },
    "df9162ce-2f46-4b18-8453-13a3fccd03a8": {
      "i": 3,
      "j": 9
    },
    "ce062c48-ecd6-4d22-9ccb-8e47210040aa": {
      "i": 6,
      "j": 2
    },
    "5056a8f1-8bdf-4ef5-a1cd-520067d00f5e": {
      "i": 0,
      "j": 3
    },
    "5b79df79-6642-48c1-91eb-ef76791e1076": {
      "i": 5,
      "j": 7
    },
    "ada099f1-4f07-48a4-8709-cc70826cfad8": {
      "i": 9,
      "j": 2
    },
    "dd131669-fe1a-4978-93a4-49de5786dd95": {
      "i": 5,
      "j": 10
    },
    "9e58bb17-1a13-418e-bbd3-58f74c753ef6": {
      "i": 6,
      "j": 11
    },
    "ce3f9ae9-4d6e-481a-9dae-041e722b9707": {
      "i": 4,
      "j": 0
    },
    "2291d4ca-59e6-4b3b-9b30-8edbe1fb13f6": {
      "i": 7,
      "j": 0
    },
    "79290a11-7cbc-495a-8200-f45cb2ea3fc0": {
      "i": 3,
      "j": 3
    },
    "c1dfaf75-dadb-4595-9ddc-d9f02895e14c": {
      "i": 7,
      "j": 5
    },
    "199b4422-64ec-4286-a0bd-07db05defac9": {
      "i": 1,
      "j": 0
    },
    "df5e438f-8366-4473-8286-0ce257771e30": {
      "i": 3,
      "j": 5
    },
    "35e4bac3-1d75-482a-a769-6b8375f4fdec": {
      "i": 9,
      "j": 5
    },
    "99fa3af1-ed06-4d53-97c2-b499c01e64f1": {
      "i": 6,
      "j": 7
    },
    "5bb5d1ac-a232-4cc4-a571-3d5e236f09b8": {
      "i": 3,
      "j": 4
    },
    "1505b67c-0771-405d-b2c3-b44d50b1587c": {
      "i": 11,
      "j": 8
    },
    "4c8fec46-a9af-4b49-a793-05dbf1acf371": {
      "i": 2,
      "j": 2
    },
    "71796e7f-9574-4291-95d9-7600c1d13a7e": {
      "i": 9,
      "j": 7
    },
    "c9a6ca84-3f51-4f34-b468-cd2201e49408": {
      "i": 4,
      "j": 5
    },
    "c4254694-ccbc-43b2-8444-529255b30eb7": {
      "i": 9,
      "j": 6
    },
    "1724c6d0-75f7-49ed-afec-5ac1b32fa73f": {
      "i": 7,
      "j": 9
    },
    "b06bde43-3b34-4d5a-8a38-e28b637b9d72": {
      "i": 3,
      "j": 0
    },
    "e6f360d9-8ca6-4bac-a90a-875cede5fceb": {
      "i": 5,
      "j": 5
    },
    "8700cf87-fbc5-48d2-9aa3-f0b870c893f1": {
      "i": 7,
      "j": 7
    },
    "ae3e836e-3833-486d-a2fd-924ca080f4d5": {
      "i": 1,
      "j": 6
    },
    "4804a876-d38f-4266-89f9-b9fff86e6a2b": {
      "i": 8,
      "j": 7
    },
    "26a59996-0c9a-4fb0-a624-d83956a10665": {
      "i": 2,
      "j": 0
    },
    "e8240f2c-40ea-41ac-8196-82043aa461f6": {
      "i": 5,
      "j": 8
    },
    "0af69444-a188-4200-9fc2-84df847aeecf": {
      "i": 3,
      "j": 2
    },
    "b6bd40a9-8a05-4aea-a0f7-b890cf95b63f": {
      "i": 8,
      "j": 6
    },
    "403e567e-614a-4a9e-9e9a-af2077d40db1": {
      "i": 8,
      "j": 4
    },
    "a25d3c03-c6ec-416b-bc0b-c76622aa2bba": {
      "i": 7,
      "j": 3
    },
    "62f4edd7-3165-4f76-9b4e-b1d004113d8b": {
      "i": 10,
      "j": 10
    },
    "07974da3-d844-4efd-af13-75647d53ef9f": {
      "i": 3,
      "j": 7
    },
    "cbb1d3f7-d067-48f2-a957-b2f733a523ad": {
      "i": 0,
      "j": 7
    },
    "ca8a6f6d-9fa0-44d7-aad6-5ec26657b2c0": {
      "i": 3,
      "j": 1
    },
    "093b184a-a141-4836-bf5e-23c7cb169304": {
      "i": 2,
      "j": 9
    },
    "39011fec-13b6-4b9e-99fe-4d114566837f": {
      "i": 0,
      "j": 0
    },
    "c8a5e870-c8c4-47f2-a92a-333a2ab94fd0": {
      "i": 3,
      "j": 10
    },
    "68434e3f-a8c7-4688-8770-24a71d1e9799": {
      "i": 8,
      "j": 1
    },
    "26d2cc9b-56d2-468f-beec-aa5085fd107b": {
      "i": 1,
      "j": 2
    },
    "2a2eeb5a-86f3-4422-a22f-c397717e084f": {
      "i": 6,
      "j": 0
    },
    "a9f39f1c-aa2d-4063-9f16-b2c444b72ff3": {
      "i": 5,
      "j": 6
    },
    "c1749b40-9b0b-44fb-ab83-fbbd14fe03c4": {
      "i": 1,
      "j": 1
    },
    "c1e10c4d-db69-45dc-a908-3a86c25980ec": {
      "i": 9,
      "j": 8
    },
    "3c278e72-b3dc-4fa4-991f-c77cec01d527": {
      "i": 5,
      "j": 4
    },
    "43131acd-1dc0-4f74-a115-1f4e9d275926": {
      "i": 6,
      "j": 4
    },
    "ea9c27c8-6b10-4fb5-8821-7ecee77bde89": {
      "i": 7,
      "j": 11
    },
    "dc02e494-5757-4e8e-a662-e1789eb167c5": {
      "i": 5,
      "j": 11
    },
    "bcecc5ad-b24b-41b1-a5c1-b129cc4ad6bd": {
      "i": 2,
      "j": 10
    },
    "e8888c62-ef1a-4b12-90ee-dc9fdfcefc8d": {
      "i": 1,
      "j": 3
    },
    "b8f28a8a-046f-413b-a244-30bafa27434e": {
      "i": 0,
      "j": 6
    },
    "427868e8-afaf-4855-8bbd-b7f58710d39e": {
      "i": 8,
      "j": 10
    },
    "5e02c650-a94d-4afa-841b-866bed6b7645": {
      "i": 0,
      "j": 5
    },
    "2e29c30b-6375-469e-bf60-49d3c3cd2d5e": {
      "i": 3,
      "j": 8
    },
    "51d8f069-f81a-41bd-a302-7ad4456c9da3": {
      "i": 8,
      "j": 9
    },
    "8174a51e-3a55-46ce-9d3d-74e7d78b6bc9": {
      "i": 1,
      "j": 8
    },
    "6a279aa3-bec8-45b7-91b3-cf5d94fcfc43": {
      "i": 2,
      "j": 6
    }
  },
  "representative_keys": [
    "13566f89-a875-46ee-8f13-0da3e446bf23",
    "54914796-715f-4ff8-ad5e-0942347d6225",
    "1b70a9be-915f-46db-8f4b-2db211c9e1de",
    "3832929f-09e5-49a9-888b-e02c3ea6ed22",
    "3ac4d6c1-fc11-4f91-ba52-1ce5d53b2d6a",
    "50dbab68-6a82-4fd9-addd-b922e8720745",
    "aeea2d8c-e5d8-4458-a911-f70de235f966",
    "e96b574d-02ca-4dd3-8ddb-aa2c0fb99089",
    "77d6a8d0-51f1-4b34-a3e9-8cf95ab4602e",
    "cf6940f3-761c-493a-b57d-47ee29a8895b",
    "7d9e615a-9d78-465d-920d-8542058ff048",
    "74758c65-436a-43fb-9024-0b97d59b406a",
    "d41bd1e9-d7c1-41d7-8ed4-e00731ff2b41",
    "19570525-73af-48ae-a4ad-4e7c973de1d2",
    "98aa656b-7969-4cc6-bd45-0ff484bdff04",
    "e917aea6-e53c-45db-b274-609984c5a807",
    "f167cdca-8e35-4fe6-a6ae-23643c68d96d",
    "73880f5b-7b66-4612-84b8-bd57ff73e032",
    "c35dfc5f-ed8f-4214-9f02-f7bc46664a6a",
    "d7c5ef6b-ad5c-4c06-8638-c5cb2c016010",
    "d3ab638c-07f1-4160-bb25-2b64e96f35a6",
    "8b535b5d-7d8e-4a16-b57d-42f1f6103a06",
    "cefd6ac6-2153-4a00-93bd-a4987998e75e",
    "7bde6d6f-e647-4d25-b00f-c7a1aaa127d3",
    "349013ed-672d-4deb-b510-fede44bd9db0",
    "9e21a9a5-a10f-45e3-8d1f-5d4b9bea9a49",
    "52c3d915-1a68-48df-90cb-86580af2926e",
    "8ff3ff0a-139e-445f-87ef-1b2ece62fc7a",
    "5e3d675a-076e-42c9-90ee-55f08579ae8b",
    "0321e845-a750-40d4-9e44-544fd264e99b",
    "0d5a0cca-e5cb-491d-bf12-83d709e26175",
    "88f847cc-e243-43b9-9e7c-4f1dae1c9151",
    "5771f968-3cc7-41a6-92aa-773526a58e4a",
    "9aee2139-c797-4687-a8d5-602708b5fa0a",
    "eeb10c9b-8330-4163-aee4-25ad1a2603bf",
    "b73cc558-63bf-438b-a722-f66949524aaa",
    "069f2b7a-d568-446b-baa1-ae5b3961a140",
    "bf1236a3-7c7d-408b-9994-8ee5fe4e36bd",
    "5cbb10f4-db50-46b5-b9e5-1f6e371d9aa0",
    "6c8e5fbe-c291-49b1-979b-bdeca2479a16",
    "064146ce-d0ff-4125-8c69-4fc12c7b6d8c",
    "ddd0d9ff-7346-4e89-88b4-07d29b9c710d",
    "50aa877c-ccd3-40a9-b7c2-a117ab4ed585",
    "37a943a5-3288-4891-8f70-00b12f61b139",
    "a7118d9e-2da1-4b98-b2f8-aa7e428f5870",
    "ab0db1be-d292-4b8b-a0a1-418164d4109c",
    "91bea726-89c0-4fd1-9982-c07f4316df46",
    "88c61072-97da-4682-b7ac-0258680a31d7",
    "2db6913c-97a0-45dd-a38e-280cc76d6baf",
    "650918d2-5809-4ee5-b523-d5dfb8b055db",
    "d6bde795-fa95-4c39-81ee-9973f94f89ac",
    "f2206eb6-8a7d-4363-82aa-bdbc9bfae797",
    "4598abfb-103f-43d9-b9a4-d0fa3f6c46a4",
    "1acc20ec-6429-4dea-b8cb-c91938a4cbcf",
    "3e1c6066-2548-42a2-9ff8-9b6e8583d774",
    "b43355e5-d3eb-4576-8b40-a66dad33cd84",
    "315a017d-de24-4bdf-be9b-91d4124d27ce",
    "0d92fa62-08ae-4c53-8556-79c4adaa6fc7",
    "683efda4-7375-4261-8357-fcf99d8be93c",
    "40b0a034-e9df-47e8-8a55-6e2a02cf7b61",
    "a258654f-bfb7-4af6-9252-1d37721932eb",
    "da0f8a0b-24b1-47b9-b603-7d66f1339b93",
    "7c294c7f-85ff-4b26-be19-a2db4749d52c",
    "d7956836-307b-47f8-a450-fe9e5f4ac125",
    "9328ca3c-7a5e-4894-8ae0-82c341467c67",
    "650c0d27-7198-4061-8fd6-c05afc0cb6fd",
    "6589c879-6bf0-4ba1-afc8-3abc81801d27",
    "e9017c8f-5248-4232-9a6d-800a7469b903",
    "6f5d3759-5e68-4641-ad88-4266db476bd6",
    "df9162ce-2f46-4b18-8453-13a3fccd03a8",
    "ce062c48-ecd6-4d22-9ccb-8e47210040aa",
    "5056a8f1-8bdf-4ef5-a1cd-520067d00f5e",
    "5b79df79-6642-48c1-91eb-ef76791e1076",
    "ada099f1-4f07-48a4-8709-cc70826cfad8",
    "dd131669-fe1a-4978-93a4-49de5786dd95",
    "9e58bb17-1a13-418e-bbd3-58f74c753ef6",
    "ce3f9ae9-4d6e-481a-9dae-041e722b9707",
    "2291d4ca-59e6-4b3b-9b30-8edbe1fb13f6",
    "79290a11-7cbc-495a-8200-f45cb2ea3fc0",
    "c1dfaf75-dadb-4595-9ddc-d9f02895e14c",
    "199b4422-64ec-4286-a0bd-07db05defac9",
    "df5e438f-8366-4473-8286-0ce257771e30",
    "35e4bac3-1d75-482a-a769-6b8375f4fdec",
    "99fa3af1-ed06-4d53-97c2-b499c01e64f1",
    "5bb5d1ac-a232-4cc4-a571-3d5e236f09b8",
    "1505b67c-0771-405d-b2c3-b44d50b1587c",
    "4c8fec46-a9af-4b49-a793-05dbf1acf371",
    "71796e7f-9574-4291-95d9-7600c1d13a7e",
    "c9a6ca84-3f51-4f34-b468-cd2201e49408",
    "c4254694-ccbc-43b2-8444-529255b30eb7",
    "1724c6d0-75f7-49ed-afec-5ac1b32fa73f",
    "b06bde43-3b34-4d5a-8a38-e28b637b9d72",
    "e6f360d9-8ca6-4bac-a90a-875cede5fceb",
    "8700cf87-fbc5-48d2-9aa3-f0b870c893f1",
    "ae3e836e-3833-486d-a2fd-924ca080f4d5",
    "4804a876-d38f-4266-89f9-b9fff86e6a2b",
    "26a59996-0c9a-4fb0-a624-d83956a10665",
    "e8240f2c-40ea-41ac-8196-82043aa461f6",
    "0af69444-a188-4200-9fc2-84df847aeecf",
    "b6bd40a9-8a05-4aea-a0f7-b890cf95b63f",
    "403e567e-614a-4a9e-9e9a-af2077d40db1",
    "a25d3c03-c6ec-416b-bc0b-c76622aa2bba",
    "62f4edd7-3165-4f76-9b4e-b1d004113d8b",
    "07974da3-d844-4efd-af13-75647d53ef9f",
    "cbb1d3f7-d067-48f2-a957-b2f733a523ad",
    "ca8a6f6d-9fa0-44d7-aad6-5ec26657b2c0",
    "093b184a-a141-4836-bf5e-23c7cb169304",
    "39011fec-13b6-4b9e-99fe-4d114566837f",
    "c8a5e870-c8c4-47f2-a92a-333a2ab94fd0",
    "68434e3f-a8c7-4688-8770-24a71d1e9799",
    "26d2cc9b-56d2-468f-beec-aa5085fd107b",
    "2a2eeb5a-86f3-4422-a22f-c397717e084f",
    "a9f39f1c-aa2d-4063-9f16-b2c444b72ff3",
    "c1749b40-9b0b-44fb-ab83-fbbd14fe03c4",
    "c1e10c4d-db69-45dc-a908-3a86c25980ec",
    "3c278e72-b3dc-4fa4-991f-c77cec01d527",
    "43131acd-1dc0-4f74-a115-1f4e9d275926",
    "ea9c27c8-6b10-4fb5-8821-7ecee77bde89",
    "dc02e494-5757-4e8e-a662-e1789eb167c5",
    "bcecc5ad-b24b-41b1-a5c1-b129cc4ad6bd",
    "e8888c62-ef1a-4b12-90ee-dc9fdfcefc8d",
    "b8f28a8a-046f-413b-a244-30bafa27434e",
    "427868e8-afaf-4855-8bbd-b7f58710d39e",
    "5e02c650-a94d-4afa-841b-866bed6b7645",
    "2e29c30b-6375-469e-bf60-49d3c3cd2d5e",
    "51d8f069-f81a-41bd-a302-7ad4456c9da3",
    "8174a51e-3a55-46ce-9d3d-74e7d78b6bc9",
    "6a279aa3-bec8-45b7-91b3-cf5d94fcfc43"
  ]
}