{
  "rows": 9,
  "cols": 9,
  "grid_positions": {
    "e7151aeb-c719-4d8c-ab97-3c8309ab4991": {
      "i": 2,
      "j": 2
    },
    "fbf8a4e1-cd57-4073-b644-070ecf678d9d": {
      "i": 8,
      "j": 6
    },
    "91944fc1-1044-4531-b191-9ad31a412506": {
      "i": 3,
      "j": 2
    },
    "59136640-75a2-4244-ba52-443b2455c300": {
      "i": 6,
      "j": 5
    },
    "46abf6ec-3ecf-4bcf-8fee-6df36880e627": {
      "i": 5,
      "j": 2
    },
    "fdaaf537-97b9-4d40-923a-fafd26e4d579": {
      "i": 1,
      "j": 7
    },
    "be3983dd-0be5-45b8-bdcc-9f8a191e1f36": {
      "i": 5,
      "j": 4
    },
    "5158e3bb-fa5e-472a-869c-a891618e3601": {
      "i": 0,
      "j": 7
    },
    "93265fe8-0a65-4915-81b5-c8f9b6cbb56c": {
      "i": 4,
      "j": 4
    },
    "79cb4714-628d-4efb-a8cd-e26a241c0e1e": {
      "i": 7,
      "j": 1
    },
    "9f179cb0-46b3-452f-a285-d4de2a238a91": {
      "i": 0,
      "j": 4
    },
    "d81b2a6c-2547-450f-96ec-171b50af2e7e": {
      "i": 7,
      "j": 8
    },
    "e232a741-c4c3-4a90-a249-f13372ef04de": {
      "i": 2,
      "j": 4
    },
    "84e5a530-f127-47bd-bdcb-b410c23c6446": {
      "i": 4,
      "j": 6
    },
    "23ad15af-439f-49c0-aca9-4d50f509599e": {
      "i": 4,
      "j": 1
    },
    "3b62759a-3745-4d40-b6e3-52f5fe390fd3": {
      "i": 4,
      "j": 7
    },
    "ece24554-2b5b-425e-be1b-dd3cc1124e2b": {
      "i": 3,
      "j": 1
    },
    "43ac11f0-49e7-4947-b69f-a080f79e42fc": {
      "i": 2,
      "j": 8
    },
    "db357c48-491a-466e-bce6-b7c4fc315ee7": {
      "i": 2,
      "j": 6
    },
    "c9530a52-3191-4270-b49a-c0d958b2f56b": {
      "i": 8,
      "j": 7
    },
    "9c57e7ef-8785-44ab-a042-88aea7f94298": {
      "i": 6,
      "j": 3
    },
    "4265ea0b-13c4-4e63-8af2-5280347770d2": {
      "i": 8,
      "j": 3
    },
    "50570bb6-f037-4888-b8c6-1df23ad51396": {
      "i": 7,
      "j": 4
    },
    "6853dbc0-161d-40af-8f55-ebecefe808d3": {
      "i": 6,
      "j": 6
    },
    "0c02abd2-bb89-43a8-9bff-9e642178ad74": {
      "i": 0,
      "j": 1
    },
    "072ed009-a7c3-4938-a4de-6d4626963694": {
      "i": 1,
      "j": 0
    },
    "565e817b-2e09-48c9-a694-3dd0f2e33ad0": {
      "i": 4,
      "j": 0
    },
    "904abd1e-09ee-4200-9486-49881019533c": {
      "i": 8,
      "j": 0
    },
    "25f8594e-723d-4327-98d8-a1de2532acc8": {
      "i": 8,
      "j": 5
    },
    "41cf17c5-2acd-4bb3-9d0a-a4b1e9e3a7f2": {
      "i": 4,
      "j": 2
    },
    "1d9d2e0f-8971-4649-bdc1-fc847f82d266": {
      "i": 6,
      "j": 4
    },
    "81b03670-323b-49a2-9270-cdfede2ce6ab": {
      "i": 4,
      "j": 3
    },
    "6f26c99f-6ce9-429e-bcec-701a6beda720": {
      "i": 7,
      "j": 6
    },
    "79208a05-be8e-44d6-aea4-486ae0b9ec26": {
      "i": 1,
      "j": 6
    },
    "0eb3b95b-6a59-4874-843d-7eeef0b39d9f": {
      "i": 5,
      "j": 6
    },
    "4d5dba74-7e83-4d8d-865c-2c9fc2e309b7": {
      "i": 0,
      "j": 8
    },
    "dd632852-f8b9-4f71-8e01-0896b93b4a80": {
      "i": 1,
      "j": 4
    },
    "1ef85ef1-0fe8-4534-8702-e7eb7953cfd5": {
      "i": 0,
      "j": 6
    },
    "d805d4e5-a786-4faa-b79b-aee47d03ff0c": {
      "i": 1,
      "j": 3
    },
    "b712fd24-6c1d-4d1e-98ba-6696bc7c7567": {
      "i": 3,
      "j": 6
    },
    "8164a129-84e1-4196-a2d9-a41c0e22b2c6": {
      "i": 2,
      "j": 3
    },
    "889f2bcb-7046-4da6-b128-b898ed147fc3": {
      "i": 0,
      "j": 5
    },
    "fdfde9dd-3b41-4e15-91fc-56fb191cb6a4": {
      "i": 7,
      "j": 3
    },
    "e7b9c9b6-6a38-46e8-bbfa-7811f5f628f3": {
      "i": 0,
      "j": 3
    },
    "62726912-99d2-4aac-aab2-041f3368df59": {
      "i": 6,
      "j": 1
    },
    "654b5588-6a14-4ed3-9d02-0dfae5c6ffd6": {
      "i": 6,
      "j": 8
    },
    "3414a346-95fd-4b65-b2a8-8d2cd31d6e11": {
      "i": 3,
      "j": 0
    },
    "2f721af4-d8c8-4a97-91dd-544618f17210": {
      "i": 0,
      "j": 0
    },
    "c1d45429-e1f8-4a6f-86fa-afff92cc0993": {
      "i": 7,
      "j": 5
    },
    "2ba1a4e7-10bb-40c9-b454-2970751e3352": {
      "i": 4,
      "j": 5
    },
    "f60c1523-76f9-4587-96b0-d872e54d6073": {
      "i": 3,
      "j": 8
    },
    "17cb34ad-2e0b-43be-b506-60fde0be600e": {
      "i": 3,
      "j": 3
    },
    "8b2ce8d6-074c-4f87-b70e-f78f5ea5b4c5": {
      "i": 3,
      "j": 4
    },
    "944bbda1-ce3e-4eb5-ace6-9a3c09cd55b2": {
      "i": 7,
      "j": 0
    },
    "4bd8668f-d690-427f-9479-1034e7a85c5e": {
      "i": 7,
      "j": 2
    },
    "72b5dcb8-a92a-4113-ad55-23e83a85fac4": {
      "i": 8,
      "j": 4
    },
    "0115ea45-0baf-4f7e-978e-4e1fa67e868e": {
      "i": 8,
      "j": 2
    },
    "c3555404-3d8b-42e1-8b26-1d963c934343": {
      "i": 0,
      "j": 2
    },
    "1ed8a087-3178-4bb4-8537-f32db5f19245": {
      "i": 3,
      "j": 7
    },
    "ce8c0b96-56cc-4be7-b7bc-7925f0571a83": {
      "i": 6,
      "j": 2
    },
    "cd285ee9-8ae1-42f2-8c21-4b0eb9d5896e": {
      "i": 5,
      "j": 3
    },
    "cac8ffd3-70b3-4194-b6f8-e5eb14a956a1": {
      "i": 5,
      "j": 5
    },
    "d1fde4c8-9f9b-4234-ac23-a6d2ac9163b4": {
      "i": 5,
      "j": 8
    },
    "f173e4ca-395c-4b8f-91e8-d5a7ed86dc6b": {
      "i": 1,
      "j": 1
    },
    "8d2f3409-4aad-42f4-8523-5386cf928f25": {
      "i": 5,
      "j": 0
    },
    "7da5f741-bdaf-4809-917a-2707410b6952": {
      "i": 2,
      "j": 0
    },
    "186f5a66-9003-4a18-a101-0d8b21b16635": {
      "i": 1,
      "j": 8
    },
    "91ac17aa-1edb-4198-aea6-d8316bfd1ac4": {
      "i": 1,
      "j": 5
    },
    "30208d79-594d-41fe-906d-1f6066a98ddd": {
      "i": 2,
      "j": 7
    },
    "b4346ffe-5af3-447b-b092-2180cbb9ae87": {
      "i": 5,
      "j": 1
    },
    "8c4f5f36-1318-436e-8486-454302ddf123": {
      "i": 2,
      "j": 1
    },
    "384299c6-d8b4-4f6f-ac40-3bc8903a57d9": {
      "i": 4,
      "j": 8
    },
    "69ad143a-2243-4c64-9a9b-9c317b83fe59": {
      "i": 6,
      "j": 7
    },
    "c507fdba-a673-4c7e-b715-17065603ce76": {
      "i": 7,
      "j": 7
    },
    "a94fe752-498d-44e6-bc4b-ba23d497d903": {
      "i": 6,
      "j": 0
    },
    "2a1b6841-d0bf-45ce-b692-21111d679c75": {
      "i": 8,
      "j": 8
    },
    "5a50e3cf-0398-4c48-98bb-ec19be69ca3d": {
      "i": 5,
      "j": 7
    },
    "9154e942-d8b5-40e5-8b47-2c3aae388aca": {
      "i": 2,
      "j": 5
    },
    "f5d35ddc-f4d0-46b1-b202-7469dc63a71c": {
      "i": 1,
      "j": 2
    },
    "4326d688-9797-4ed0-9d12-c05398c4c1f7": {
      "i": 8,
      "j": 1
    },
    "b294fa86-d3fe-4b66-983d-c5c0ce748948": {
      "i": 3,
      "j": 5
    }
  },
  "representative_keys": [
    "e7151aeb-c719-4d8c-ab97-3c8309ab4991",
    "fbf8a4e1-cd57-4073-b644-070ecf678d9d",
    "91944fc1-1044-4531-b191-9ad31a412506",
    "59136640-75a2-4244-ba52-443b2455c300",
    "46abf6ec-3ecf-4bcf-8fee-6df36880e627",
    "fdaaf537-97b9-4d40-923a-fafd26e4d579",
    "be3983dd-0be5-45b8-bdcc-9f8a191e1f36",
    "5158e3bb-fa5e-472a-869c-a891618e3601",
    "93265fe8-0a65-4915-81b5-c8f9b6cbb56c",
    "79cb4714-628d-4efb-a8cd-e26a241c0e1e",
    "9f179cb0-46b3-452f-a285-d4de2a238a91",
    "d81b2a6c-2547-450f-96ec-171b50af2e7e",
    "e232a741-c4c3-4a90-a249-f13372ef04de",
    "84e5a530-f127-47bd-bdcb-b410c23c6446",
    "23ad15af-439f-49c0-aca9-4d50f509599e",
    "3b62759a-3745-4d40-b6e3-52f5fe390fd3",
    "ece24554-2b5b-425e-be1b-dd3cc1124e2b",
    "43ac11f0-49e7-4947-b69f-a080f79e42fc",
    "db357c48-491a-466e-bce6-b7c4fc315ee7",
    "c9530a52-3191-4270-b49a-c0d958b2f56b",
    "9c57e7ef-8785-44ab-a042-88aea7f94298",
    "4265ea0b-13c4-4e63-8af2-5280347770d2",
    "50570bb6-f037-4888-b8c6-1df23ad51396",
    "6853dbc0-161d-40af-8f55-ebecefe808d3",
    "0c02abd2-bb89-43a8-9bff-9e642178ad74",
    "072ed009-a7c3-4938-a4de-6d4626963694",
    "565e817b-2e09-48c9-a694-3dd0f2e33ad0",
    "904abd1e-09ee-4200-9486-49881019533c",
    "25f8594e-723d-4327-98d8-a1de2532acc8",
    "41cf17c5-2acd-4bb3-9d0a-a4b1e9e3a7f2",
    "1d9d2e0f-8971-4649-bdc1-fc847f82d266",
    "81b03670-323b-49a2-9270-cdfede2ce6ab",
    "6f26c99f-6ce9-429e-bcec-701a6beda720",
    "79208a05-be8e-44d6-aea4-486ae0b9ec26",
    "0eb3b95b-6a59-4874-843d-7eeef0b39d9f",
    "4d5dba74-7e83-4d8d-865c-2c9fc2e309b7",
    "dd632852-f8b9-4f71-8e01-0896b93b4a80",
    "1ef85ef1-0fe8-4534-8702-e7eb7953cfd5",
    "d805d4e5-a786-4faa-b79b-aee47d03ff0c",
    "b712fd24-6c1d-4d1e-98ba-6696bc7c7567",
    "8164a129-84e1-4196-a2d9-a41c0e22b2c6",
    "889f2bcb-7046-4da6-b128-b898ed147fc3",
    "fdfde9dd-3b41-4e15-91fc-56fb191cb6a4",
    "e7b9c9b6-6a38-46e8-bbfa-7811f5f628f3",
    "62726912-99d2-4aac-aab2-041f3368df59",
    "654b5588-6a14-4ed3-9d02-0dfae5c6ffd6",
    "3414a346-95fd-4b65-b2a8-8d2cd31d6e11",
    "2f721af4-d8c8-4a97-91dd-544618f17210",
    "c1d45429-e1f8-4a6f-86fa-afff92cc0993",
    "2ba1a4e7-10bb-40c9-b454-2970751e3352",
    "f60c1523-76f9-4587-96b0-d872e54d6073",
    "17cb34ad-2e0b-43be-b506-60fde0be600e",
    "8b2ce8d6-074c-4f87-b70e-f78f5ea5b4c5",
    "944bbda1-ce3e-4eb5-ace6-9a3c09cd55b2",
    "4bd8668f-d690-427f-9479-1034e7a85c5e",
    "72b5dcb8-a92a-4113-ad55-23e83a85fac4",
    "0115ea45-0baf-4f7e-978e-4e1fa67e868e",
    "c3555404-3d8b-42e1-8b26-1d963c934343",
    "1ed8a087-3178-4bb4-8537-f32db5f19245",
    "ce8c0b96-56cc-4be7-b7bc-7925f0571a83",
    "cd285ee9-8ae1-42f2-8c21-4b0eb9d5896e",
    "cac8ffd3-70b3-4194-b6f8-e5eb14a956a1",
    "d1fde4c8-9f9b-4234-ac23-a6d2ac9163b4",
    "f173e4ca-395c-4b8f-91e8-d5a7ed86dc6b",
    "8d2f3409-4aad-42f4-8523-5386cf928f25",
    "7da5f741-bdaf-4809-917a-2707410b6952",
    "186f5a66-9003-4a18-a101-0d8b21b16635",
    "91ac17aa-1edb-4198-aea6-d8316bfd1ac4",
    "30208d79-594d-41fe-906d-1f6066a98ddd",
    "b4346ffe-5af3-447b-b092-2180cbb9ae87",
    "8c4f5f36-1318-436e-8486-454302ddf123",
    "384299c6-d8b4-4f6f-ac40-3bc8903a57d9",
    "69ad143a-2243-4c64-9a9b-9c317b83fe59",
    "c507fdba-a673-4c7e-b715-17065603ce76",
    "a94fe752-498d-44e6-bc4b-ba23d497d903",
    "2a1b6841-d0bf-45ce-b692-21111d679c75",
    "5a50e3cf-0398-4c48-98bb-ec19be69ca3d",
    "9154e942-d8b5-40e5-8b47-2c3aae388aca",
    "f5d35ddc-f4d0-46b1-b202-7469dc63a71c",
    "4326d688-9797-4ed0-9d12-c05398c4c1f7",
    "b294fa86-d3fe-4b66-983d-c5c0ce748948"
  ]
}