{
  "rows": 10,
  "cols": 10,
  "grid_positions": {
    "4bc287b9-9582-4c65-a0fc-51b19e7c1eef": {
      "i": 7,
      "j": 6
    },
    "0ee3b6a8-becb-4767-aa34-b014f450a348": {
      "i": 6,
      "j": 3
    },
    "3f808e00-a836-450a-ad3e-9f48eb8d72e2": {
      "i": 6,
      "j": 0
    },
    "fedbf45b-1397-44ce-9f1a-83864f6617a6": {
      "i": 0,
      "j": 7
    },
    "9a9c0b41-dd70-412f-80e2-d0e753ee0c6c": {
      "i": 8,
      "j": 3
    },
    "52e52a7d-d0ec-4531-81b9-0ea9c6b9b822": {
      "i": 1,
      "j": 2
    },
    "c1103fe2-7fd2-4c6b-944c-c5223ce69b0c": {
      "i": 9,
      "j": 8
    },
    "76b01b01-2cd9-4b5b-b105-6ed3359c00ee": {
      "i": 8,
      "j": 2
    },
    "e5394f6d-6096-485b-ace5-fc152e28adfa": {
      "i": 8,
      "j": 6
    },
    "e5e7de2d-7172-41a1-91ed-ab08fa3e523e": {
      "i": 4,
      "j": 8
    },
    "c8be9a7c-140c-4168-b699-cb163ce2b0e2": {
      "i": 2,
      "j": 6
    },
    "55c83503-3da2-4d18-ad5d-0dfb90070be3": {
      "i": 1,
      "j": 3
    },
    "4c4a9ba1-0077-4461-a054-9a8c6998c81c": {
      "i": 6,
      "j": 6
    },
    "6ad18288-948f-4ff6-bba1-fea53395dcee": {
      "i": 2,
      "j": 4
    },
    "2841f3df-044a-4209-b939-3959df65270b": {
      "i": 3,
      "j": 0
    },
    "7424726d-b588-4de7-87cc-6580ce41bad4": {
      "i": 1,
      "j": 6
    },
    "0f4f11b8-7691-4e7a-9e1a-4f135612088c": {
      "i": 4,
      "j": 2
    },
    "276134ef-7674-4dc2-a203-e017d34bfa76": {
      "i": 4,
      "j": 9
    },
    "b1448d10-e0aa-40c8-801a-5bdad0753815": {
      "i": 3,
      "j": 5
    },
    "5c955198-e027-462d-8c7f-98c539546537": {
      "i": 3,
      "j": 4
    },
    "da4feef8-944a-4b72-b649-6860e5fa96d9": {
      "i": 2,
      "j": 9
    },
    "464bc9c0-ca5b-4f1e-b6e6-cba7253347ae": {
      "i": 8,
      "j": 8
    },
    "438c60ba-14e5-4e1a-9dad-b34577494255": {
      "i": 6,
      "j": 1
    },
    "84d7bd8d-21e9-49ad-a0ff-1fd0583cf6df": {
      "i": 3,
      "j": 8
    },
    "701ab2dd-e82f-4751-9b7d-2a86058c523d": {
      "i": 1,
      "j": 0
    },
    "fa060a45-7ad1-43ab-9a14-853334ed7195": {
      "i": 8,
      "j": 4
    },
    "c8809fcf-777c-4350-b4b1-6515114c5386": {
      "i": 3,
      "j": 6
    },
    "59569f5c-ca48-47e0-b744-3b8654198637": {
      "i": 3,
      "j": 2
    },
    "1f6e0061-4e6d-4236-b6ac-70731d3a0670": {
      "i": 2,
      "j": 1
    },
    "9144ceaf-ed63-4f34-adca-88b543319438": {
      "i": 9,
      "j": 5
    },
    "ae343286-1a83-41f3-8234-402b72fd1d44": {
      "i": 6,
      "j": 4
    },
    "dd52f1eb-a1cd-4815-93d2-ecd00525e67b": {
      "i": 0,
      "j": 1
    },
    "4f8b9ff6-9fb8-4975-b5f4-09d7f5863dd2": {
      "i": 7,
      "j": 2
    },
    "2b5d18ac-1f2e-49b3-b747-c61715673ae2": {
      "i": 4,
      "j": 4
    },
    "1d495a28-d173-4cf6-93e4-30e9c25d4728": {
      "i": 8,
      "j": 0
    },
    "b15eb7af-f22b-4ce2-8bb3-391643084b1f": {
      "i": 1,
      "j": 8
    },
    "a720db97-ab0f-4b7e-8afa-3da0bbf13835": {
      "i": 4,
      "j": 5
    },
    "401030b2-02a7-4182-b787-5399dd1cbb87": {
      "i": 1,
      "j": 7
    },
    "a19fc43a-558a-41a2-a584-85eec58633e9": {
      "i": 5,
      "j": 0
    },
    "83219fc1-9ebd-4f20-85f6-16eeb0caf36b": {
      "i": 9,
      "j": 7
    },
    "8a0bce00-fa1a-4cb6-8c5e-7344e7c8d02c": {
      "i": 0,
      "j": 0
    },
    "bd336f26-530b-459e-a51b-7e51cc36dff8": {
      "i": 5,
      "j": 8
    },
    "c6f0f5ca-4515-465d-ae8a-b6c043399d05": {
      "i": 8,
      "j": 9
    },
    "9c44b8be-131a-478c-9178-6ac3bf3d8bed": {
      "i": 3,
      "j": 9
    },
    "2caf7034-e27f-4f76-8c5c-1c0a1b367f3d": {
      "i": 2,
      "j": 3
    },
    "59bb7e02-9209-4a3d-bd58-4810331a8922": {
      "i": 3,
      "j": 3
    },
    "07adb92a-8211-46a9-bce0-caa03c1d72f7": {
      "i": 9,
      "j": 4
    },
    "21bca59b-8eac-4f72-aafd-124bd76fbb42": {
      "i": 8,
      "j": 1
    },
    "ea28c7a3-5242-4d36-8fa4-4391e3c7bc77": {
      "i": 5,
      "j": 9
    },
    "a1120e35-5762-4634-94d9-4d687bb749c6": {
      "i": 5,
      "j": 1
    },
    "a2e189fb-159d-4c57-a7c2-b4b1960f470a": {
      "i": 7,
      "j": 7
    },
    "8630ae59-d95e-421e-a1c4-05925b0fce73": {
      "i": 0,
      "j": 9
    },
    "2c883725-f73e-48e6-877e-6e6189e28b22": {
      "i": 3,
      "j": 1
    },
    "567ce61b-723d-455d-8c66-e029df40426a": {
      "i": 6,
      "j": 7
    },
    "ae70921e-1309-4bf8-9d96-bc9a89cd559b": {
      "i": 0,
      "j": 2
    },
    "d7f2431a-9995-4dd7-888d-801a2e710a9d": {
      "i": 4,
      "j": 0
    },
    "794d0010-5c50-459b-8968-c3196186a640": {
      "i": 7,
      "j": 3
    },
    "60580da8-fea1-41ad-95e6-f5904aa00e5f": {
      "i": 2,
      "j": 5
    },
    "0fa3a3a4-0124-443b-ab45-0013d9ce9461": {
      "i": 7,
      "j": 0
    },
    "6fd4bc7f-7b7b-45aa-be41-ac55bebb2202": {
      "i": 4,
      "j": 3
    },
    "d3088bd0-2ecd-4470-b9fc-1b0d65b619df": {
      "i": 1,
      "j": 1
    },
    "39b2afe2-7b6c-467c-8998-df0596bc4556": {
      "i": 0,
      "j": 8
    },
    "28972ca4-1f1e-46d3-ba71-856b9f857517": {
      "i": 8,
      "j": 5
    },
    "b9287e5d-db7c-4055-a76e-375edbd7a4dc": {
      "i": 7,
      "j": 1
    },
    "9b418452-45a1-4376-8c65-aef3ca5cc5b3": {
      "i": 5,
      "j": 4
    },
    "04137269-a011-4608-a98c-f25eeaf5a320": {
      "i": 5,
      "j": 6
    },
    "e9fb2baf-813e-44b5-82c7-609a5a6b5d70": {
      "i": 6,
      "j": 8
    },
    "aac1cf28-4652-4fdd-bb0e-12b7abc18cda": {
      "i": 6,
      "j": 2
    },
    "2a045cfd-3947-4c69-a63b-dd8b7c338916": {
      "i": 4,
      "j": 6
    },
    "7819987d-aac4-4d64-a0d8-333220ec4345": {
      "i": 7,
      "j": 9
    },
    "80d0eb14-1ce2-490a-a8f3-670eafc75fa9": {
      "i": 2,
      "j": 7
    },
    "02cdf513-57ae-4efb-814e-08a385b723b3": {
      "i": 7,
      "j": 5
    },
    "b7a3be5e-3aea-4a6a-abe7-130c1ddc1dff": {
      "i": 9,
      "j": 6
    },
    "9abeecd4-ff05-4fa9-801c-cb654857cb00": {
      "i": 3,
      "j": 7
    },
    "8ddbff8a-7185-4fe5-b0ea-606033b94687": {
      "i": 2,
      "j": 0
    },
    "46efe176-a91a-4bfb-b84f-83b166afb7ba": {
      "i": 5,
      "j": 7
    },
    "62b242d1-2d14-4603-ae2b-2f34f6b81508": {
      "i": 2,
      "j": 2
    },
    "83d01519-59af-4ba8-988f-1f46209a4957": {
      "i": 6,
      "j": 5
    },
    "a6f4033e-e227-400b-831d-ba8150fd7cea": {
      "i": 8,
      "j": 7
    },
    "706ea48b-ca0e-44b3-be1e-8e09f5e54fc7": {
      "i": 2,
      "j": 8
    },
    "306dfe0e-a066-4bb7-861d-4a358e6cd736": {
      "i": 1,
      "j": 9
    },
    "b4037469-9314-444a-8d43-6519c4a12309": {
      "i": 5,
      "j": 2
    },
    "616ef283-acdf-4d08-8aa0-893776959d45": {
      "i": 5,
      "j": 3
    },
    "b3ead182-9d30-4412-b627-71b6ad441d6a": {
      "i": 7,
      "j": 8
    },
    "174181e8-432a-48a5-b043-10f344593680": {
      "i": 4,
      "j": 7
    },
    "23cda92b-6d6a-4889-b479-7195bc7aa0b9": {
      "i": 4,
      "j": 1
    },
    "61b33c8f-c754-449b-80b9-29dece2bbe73": {
      "i": 9,
      "j": 9
    },
    "7c14f190-0268-45b1-8d46-06dbcd32eebc": {
      "i": 0,
      "j": 3
    },
    "d16700aa-60d9-48ee-85a6-14b50999afc8": {
      "i": 0,
      "j": 6
    },
    "304195af-ae01-4b3f-b8ed-229805c4f599": {
      "i": 5,
      "j": 5
    },
    "188b146a-4bac-4674-883f-7bb64b9f6588": {
      "i": 0,
      "j": 4
    },
    "9b3ce158-6e4f-420a-a5d8-5d0e6bfc89f1": {
      "i": 7,
      "j": 4
    },
    "97ffe2ae-e142-4322-8599-5eb2e6e2db76": {
      "i": 0,
      "j": 5
    },
    "3ba67368-1317-4361-902b-daa5d09dcf53": {
      "i": 1,
      "j": 5
    },
    "f3024cae-5fd2-423c-ab34-ca1a6a4908aa": {
      "i": 6,
      "j": 9
    },
    "cf0cce7a-0c80-4b55-b7fa-81c653b245fa": {
      "i": 1,
      "j": 4
    }
  },
  "representative_keys": [
    "4bc287b9-9582-4c65-a0fc-51b19e7c1eef",
    "0ee3b6a8-becb-4767-aa34-b014f450a348",
    "3f808e00-a836-450a-ad3e-9f48eb8d72e2",
    "fedbf45b-1397-44ce-9f1a-83864f6617a6",
    "9a9c0b41-dd70-412f-80e2-d0e753ee0c6c",
    "52e52a7d-d0ec-4531-81b9-0ea9c6b9b822",
    "c1103fe2-7fd2-4c6b-944c-c5223ce69b0c",
    "76b01b01-2cd9-4b5b-b105-6ed3359c00ee",
    "e5394f6d-6096-485b-ace5-fc152e28adfa",
    "e5e7de2d-7172-41a1-91ed-ab08fa3e523e",
    "c8be9a7c-140c-4168-b699-cb163ce2b0e2",
    "55c83503-3da2-4d18-ad5d-0dfb90070be3",
    "4c4a9ba1-0077-4461-a054-9a8c6998c81c",
    "6ad18288-948f-4ff6-bba1-fea53395dcee",
    "2841f3df-044a-4209-b939-3959df65270b",
    "7424726d-b588-4de7-87cc-6580ce41bad4",
    "0f4f11b8-7691-4e7a-9e1a-4f135612088c",
    "276134ef-7674-4dc2-a203-e017d34bfa76",
    "b1448d10-e0aa-40c8-801a-5bdad0753815",
    "5c955198-e027-462d-8c7f-98c539546537",
    "da4feef8-944a-4b72-b649-6860e5fa96d9",
    "464bc9c0-ca5b-4f1e-b6e6-cba7253347ae",
    "438c60ba-14e5-4e1a-9dad-b34577494255",
    "84d7bd8d-21e9-49ad-a0ff-1fd0583cf6df",
    "701ab2dd-e82f-4751-9b7d-2a86058c523d",
    "fa060a45-7ad1-43ab-9a14-853334ed7195",
    "c8809fcf-777c-4350-b4b1-6515114c5386",
    "59569f5c-ca48-47e0-b744-3b8654198637",
    "1f6e0061-4e6d-4236-b6ac-70731d3a0670",
    "9144ceaf-ed63-4f34-adca-88b543319438",
    "ae343286-1a83-41f3-8234-402b72fd1d44",
    "dd52f1eb-a1cd-4815-93d2-ecd00525e67b",
    "4f8b9ff6-9fb8-4975-b5f4-09d7f5863dd2",
    "2b5d18ac-1f2e-49b3-b747-c61715673ae2",
    "1d495a28-d173-4cf6-93e4-30e9c25d4728",
    "b15eb7af-f22b-4ce2-8bb3-391643084b1f",
    "a720db97-ab0f-4b7e-8afa-3da0bbf13835",
    "401030b2-02a7-4182-b787-5399dd1cbb87",
    "a19fc43a-558a-41a2-a584-85eec58633e9",
    "83219fc1-9ebd-4f20-85f6-16eeb0caf36b",
    "8a0bce00-fa1a-4cb6-8c5e-7344e7c8d02c",
    "bd336f26-530b-459e-a51b-7e51cc36dff8",
    "c6f0f5ca-4515-465d-ae8a-b6c043399d05",
    "9c44b8be-131a-478c-9178-6ac3bf3d8bed",
    "2caf7034-e27f-4f76-8c5c-1c0a1b367f3d",
    "59bb7e02-9209-4a3d-bd58-4810331a8922",
    "07adb92a-8211-46a9-bce0-caa03c1d72f7",
    "21bca59b-8eac-4f72-aafd-124bd76fbb42",
    "ea28c7a3-5242-4d36-8fa4-4391e3c7bc77",
    "a1120e35-5762-4634-94d9-4d687bb749c6",
    "a2e189fb-159d-4c57-a7c2-b4b1960f470a",
    "8630ae59-d95e-421e-a1c4-05925b0fce73",
    "2c883725-f73e-48e6-877e-6e6189e28b22",
    "567ce61b-723d-455d-8c66-e029df40426a",
    "ae70921e-1309-4bf8-9d96-bc9a89cd559b",
    "d7f2431a-9995-4dd7-888d-801a2e710a9d",
    "794d0010-5c50-459b-8968-c3196186a640",
    "60580da8-fea1-41ad-95e6-f5904aa00e5f",
    "0fa3a3a4-0124-443b-ab45-0013d9ce9461",
    "6fd4bc7f-7b7b-45aa-be41-ac55bebb2202",
    "d3088bd0-2ecd-4470-b9fc-1b0d65b619df",
    "39b2afe2-7b6c-467c-8998-df0596bc4556",
    "28972ca4-1f1e-46d3-ba71-856b9f857517",
    "b9287e5d-db7c-4055-a76e-375edbd7a4dc",
    "9b418452-45a1-4376-8c65-aef3ca5cc5b3",
    "04137269-a011-4608-a98c-f25eeaf5a320",
    "e9fb2baf-813e-44b5-82c7-609a5a6b5d70",
    "aac1cf28-4652-4fdd-bb0e-12b7abc18cda",
    "2a045cfd-3947-4c69-a63b-dd8b7c338916",
    "7819987d-aac4-4d64-a0d8-333220ec4345",
    "80d0eb14-1ce2-490a-a8f3-670eafc75fa9",
    "02cdf513-57ae-4efb-814e-08a385b723b3",
    "b7a3be5e-3aea-4a6a-abe7-130c1ddc1dff",
    "9abeecd4-ff05-4fa9-801c-cb654857cb00",
    "8ddbff8a-7185-4fe5-b0ea-606033b94687",
    "46efe176-a91a-4bfb-b84f-83b166afb7ba",
    "62b242d1-2d14-4603-ae2b-2f34f6b81508",
    "83d01519-59af-4ba8-988f-1f46209a4957",
    "a6f4033e-e227-400b-831d-ba8150fd7cea",
    "706ea48b-ca0e-44b3-be1e-8e09f5e54fc7",
    "306dfe0e-a066-4bb7-861d-4a358e6cd736",
    "b4037469-9314-444a-8d43-6519c4a12309",
    "616ef283-acdf-4d08-8aa0-893776959d45",
    "b3ead182-9d30-4412-b627-71b6ad441d6a",
    "174181e8-432a-48a5-b043-10f344593680",
    "23cda92b-6d6a-4889-b479-7195bc7aa0b9",
    "61b33c8f-c754-449b-80b9-29dece2bbe73",
    "7c14f190-0268-45b1-8d46-06dbcd32eebc",
    "d16700aa-60d9-48ee-85a6-14b50999afc8",
    "304195af-ae01-4b3f-b8ed-229805c4f599",
    "188b146a-4bac-4674-883f-7bb64b9f6588",
    "9b3ce158-6e4f-420a-a5d8-5d0e6bfc89f1",
    "97ffe2ae-e142-4322-8599-5eb2e6e2db76",
    "3ba67368-1317-4361-902b-daa5d09dcf53",
    "f3024cae-5fd2-423c-ab34-ca1a6a4908aa",
    "cf0cce7a-0c80-4b55-b7fa-81c653b245fa"
  ]
}