{
  "rows": 10,
  "cols": 10,
  "grid_positions": {
    "32ede8dd-7ef2-4b83-8c20-9bb6dfa98846": {
      "i": 1,
      "j": 4
    },
    "862a61cb-6830-4667-b9a9-c9aa31659592": {
      "i": 0,
      "j": 8
    },
    "a68e7104-d122-439c-a124-d1cfb05944cd": {
      "i": 7,
      "j": 7
    },
    "0978787b-ae86-47ea-a632-ea0f5e3dc64c": {
      "i": 7,
      "j": 4
    },
    "b36ac3aa-0eb6-4fc7-9c52-64471506bc8b": {
      "i": 1,
      "j": 2
    },
    "39ada8aa-0b9b-4aee-a77a-fdca93d133e6": {
      "i": 3,
      "j": 4
    },
    "2febfd71-1dc0-4899-ab36-f6f2a1af0027": {
      "i": 4,
      "j": 7
    },
    "62401f79-c323-47db-b598-562298019a80": {
      "i": 4,
      "j": 3
    },
    "498086d9-dd2f-4191-96c8-e447b11c7de2": {
      "i": 5,
      "j": 1
    },
    "77a57e79-2794-4c66-81d6-abd69e40aac7": {
      "i": 5,
      "j": 9
    },
    "9cc64934-f3e2-46c9-ad2b-a08c80b6cfa8": {
      "i": 9,
      "j": 4
    },
    "c0e0e853-613e-4915-8bcc-f301e2766288": {
      "i": 1,
      "j": 5
    },
    "4bff1a3d-6e98-4282-b1f9-314e90089a3f": {
      "i": 3,
      "j": 0
    },
    "429aa721-bb85-4af5-a6b8-5f39ee1c9132": {
      "i": 2,
      "j": 9
    },
    "cd4827e9-629e-4b71-a8a9-e1f62dadb9e8": {
      "i": 8,
      "j": 5
    },
    "94d75566-fceb-4823-9055-0dfb02ee7f23": {
      "i": 2,
      "j": 1
    },
    "2ecc17e5-3505-4cc1-b3b0-5c028699919a": {
      "i": 7,
      "j": 1
    },
    "9b409986-c972-475b-b429-50a28d525b3e": {
      "i": 2,
      "j": 8
    },
    "f396a691-41a6-4231-84d4-90ca9c52fc00": {
      "i": 6,
      "j": 3
    },
    "eb772cef-86e5-467e-b36d-07247014a465": {
      "i": 6,
      "j": 6
    },
    "e96f9335-416c-42c3-a52f-e982cea07537": {
      "i": 0,
      "j": 2
    },
    "f095433a-f2c6-478a-89e9-9349044da84d": {
      "i": 4,
      "j": 6
    },
    "8981f18f-d3f9-4c06-95aa-e4b72f7b3f39": {
      "i": 2,
      "j": 4
    },
    "03f3d180-0050-4d3f-8f3b-1b55f39d0089": {
      "i": 9,
      "j": 5
    },
    "0da0dfe0-33f7-47cb-838a-0e78d7cb37d2": {
      "i": 6,
      "j": 2
    },
    "b00d45b0-19d5-4ba3-87bb-478873987a97": {
      "i": 5,
      "j": 7
    },
    "393ead19-a452-4d63-af29-c81480524023": {
      "i": 1,
      "j": 1
    },
    "d7cd8183-af63-4bfe-b1ca-10a93d1f5ab2": {
      "i": 6,
      "j": 0
    },
    "5fd61c02-b440-4114-8bf7-ac5d0cbcc804": {
      "i": 2,
      "j": 0
    },
    "bb254041-af54-413b-9775-310ad232e1f8": {
      "i": 5,
      "j": 6
    },
    "d77c99ff-871f-454c-b7aa-76635729f1b5": {
      "i": 0,
      "j": 3
    },
    "c60348ab-1baa-435e-b7b5-fe1b474b693c": {
      "i": 3,
      "j": 1
    },
    "bfec2274-12bd-4f22-ba09-76bcbf48d2d2": {
      "i": 5,
      "j": 3
    },
    "b51d6deb-3e53-4285-b7cc-928beb929fb1": {
      "i": 7,
      "j": 3
    },
    "4b08ed47-81f0-4ca1-be4c-577e99a76db7": {
      "i": 8,
      "j": 1
    },
    "e5964701-4de8-468c-80b1-cb7257b29cec": {
      "i": 4,
      "j": 5
    },
    "92e2505b-91c9-4fda-958d-197d8e1d61fe": {
      "i": 3,
      "j": 5
    },
    "8623a028-c62f-4977-9fbe-79aff90c847a": {
      "i": 5,
      "j": 5
    },
    "e95c3038-725c-44b4-9bc0-8cf5a5444508": {
      "i": 6,
      "j": 9
    },
    "87fcca38-d47a-44b5-b289-bd15d070cd88": {
      "i": 3,
      "j": 2
    },
    "0c0ce800-f23f-445e-ba92-e674441890a3": {
      "i": 0,
      "j": 4
    },
    "40a17a35-56ce-4199-9b80-b2bac6d0cf03": {
      "i": 4,
      "j": 8
    },
    "7fc37668-6407-4add-b2a7-ec0689141067": {
      "i": 3,
      "j": 3
    },
    "68de924e-3191-46ac-a1c1-b4b826e28c80": {
      "i": 0,
      "j": 6
    },
    "edf78d86-168a-4096-ad45-a94cf52ab156": {
      "i": 3,
      "j": 9
    },
    "5f33fd72-0d0d-498d-ae94-599b7e26b0e1": {
      "i": 2,
      "j": 3
    },
    "f8b67574-e2af-4460-893f-b7fcc826c71e": {
      "i": 4,
      "j": 9
    },
    "556366dd-39cf-4da9-85cf-6056537638a5": {
      "i": 1,
      "j": 3
    },
    "271ffa91-718f-4e15-9acd-83846b6ff787": {
      "i": 5,
      "j": 4
    },
    "c0e2386b-30da-4b07-9274-19e0551e3ec7": {
      "i": 4,
      "j": 4
    },
    "2410ef1e-9a76-41ac-b815-cdd3c77ba174": {
      "i": 2,
      "j": 2
    },
    "2114f5b9-3a85-49b2-94a5-22b3ba78db2e": {
      "i": 6,
      "j": 8
    },
    "c446d87f-b8be-434c-9052-ec7a956f6925": {
      "i": 4,
      "j": 2
    },
    "5617fd22-8575-4d29-8bd3-36a4602409de": {
      "i": 2,
      "j": 5
    },
    "38f6e353-e889-4aa1-b5f7-baf46d2c73e7": {
      "i": 8,
      "j": 6
    },
    "acf87470-fb04-4179-aa4b-2471b23175dd": {
      "i": 7,
      "j": 6
    },
    "b2bbcdbe-981a-4438-a750-4db01076d421": {
      "i": 7,
      "j": 0
    },
    "20bd927f-2886-4b36-93cb-86bf8db66af9": {
      "i": 6,
      "j": 1
    },
    "627412ee-6a1a-43fd-89e8-9f83ab944b90": {
      "i": 3,
      "j": 6
    },
    "145adaf2-675a-4ac6-ba27-fbf82c57d302": {
      "i": 9,
      "j": 3
    },
    "a51a98bf-9a03-4b5f-a609-b625dac1b831": {
      "i": 1,
      "j": 0
    },
    "16c3877b-4092-4a99-99bb-43e144042b79": {
      "i": 1,
      "j": 7
    },
    "8581364b-e83a-480a-b18f-6ccef6f79ed8": {
      "i": 5,
      "j": 0
    },
    "ab4438ed-53de-47bb-818e-40083ca7d997": {
      "i": 9,
      "j": 6
    },
    "27772a62-15e5-4921-aed6-d68102ca2fa1": {
      "i": 1,
      "j": 8
    },
    "fac5910d-1e81-47d7-80e8-1a42ea0896b3": {
      "i": 0,
      "j": 9
    },
    "015eec50-74ef-439f-95f7-3d1d1711e525": {
      "i": 8,
      "j": 4
    },
    "34132c52-686f-44e3-abfe-5dce612d61c5": {
      "i": 7,
      "j": 2
    },
    "dfc2f2db-6467-48fb-a04e-6a3ff527823b": {
      "i": 2,
      "j": 6
    },
    "d3f65a0d-545d-468e-875b-e168faf88d8f": {
      "i": 4,
      "j": 1
    },
    "6889cd87-03cd-4e60-afc8-95cef54fcdf0": {
      "i": 7,
      "j": 8
    },
    "2f3c84d4-2f5c-48fd-87ed-2872c3ce6863": {
      "i": 2,
      "j": 7
    },
    "ef9872aa-9d9b-4bbc-ad63-67cb3d25833e": {
      "i": 6,
      "j": 4
    },
    "c4816c28-095e-4a96-981c-379abf063e37": {
      "i": 8,
      "j": 2
    },
    "4880a27d-5537-438a-9791-66262d2bdeb2": {
      "i": 9,
      "j": 7
    },
    "6e4d5d05-0e04-4e61-ae77-5d744be8a894": {
      "i": 7,
      "j": 5
    },
    "57f6fdb2-e593-4fcd-93c5-74e629c35b6e": {
      "i": 5,
      "j": 8
    },
    "0e0c076e-ee03-48f4-962f-286fde6fbe36": {
      "i": 3,
      "j": 7
    },
    "002d6272-b5d8-496a-8063-22e5a671ca97": {
      "i": 5,
      "j": 2
    },
    "f7141a38-80e5-4218-bc35-27590f57f881": {
      "i": 8,
      "j": 9
    },
    "fb99e741-b48f-4cd0-a2b0-80a964a69d02": {
      "i": 0,
      "j": 7
    },
    "dc46c83b-694d-493f-ba11-5532b3bfecfe": {
      "i": 0,
      "j": 1
    },
    "7ac9cb30-a302-4740-aaa4-673c6af41f7d": {
      "i": 8,
      "j": 3
    },
    "9ef27b85-9743-4eda-ac64-142e74e2d630": {
      "i": 3,
      "j": 8
    },
    "ae45646f-c7cb-40df-8078-97412741f1e2": {
      "i": 1,
      "j": 9
    },
    "2d6e142d-102a-4913-9f7c-b30ce3af038c": {
      "i": 9,
      "j": 9
    },
    "ef026f3f-1041-4a70-b113-c4be109a06ec": {
      "i": 7,
      "j": 9
    },
    "2ac0f383-e95f-4f19-ae56-ef01c0f883e0": {
      "i": 8,
      "j": 8
    },
    "28f221ac-d3f3-4ff4-9066-4ee444cfe2a9": {
      "i": 8,
      "j": 7
    },
    "1c60132e-31cf-4e19-b605-12e8676021c4": {
      "i": 6,
      "j": 5
    },
    "ac18f74c-e8b3-4f8e-934f-f262f9426fc7": {
      "i": 9,
      "j": 8
    },
    "16f89028-5c6f-4fbd-9d14-a4f2a41c04fe": {
      "i": 6,
      "j": 7
    },
    "a4326ea2-c004-465f-9874-cefdbc8d2717": {
      "i": 0,
      "j": 5
    },
    "2f491360-64c2-4176-8bc9-3e39d70407bd": {
      "i": 4,
      "j": 0
    },
    "ac527f68-0436-49cc-9cf1-3f21b9532429": {
      "i": 1,
      "j": 6
    },
    "6b54c694-4deb-4d34-a8a8-5a93243a2b36": {
      "i": 9,
      "j": 2
    }
  },
  "representative_keys": [
    "32ede8dd-7ef2-4b83-8c20-9bb6dfa98846",
    "862a61cb-6830-4667-b9a9-c9aa31659592",
    "a68e7104-d122-439c-a124-d1cfb05944cd",
    "0978787b-ae86-47ea-a632-ea0f5e3dc64c",
    "b36ac3aa-0eb6-4fc7-9c52-64471506bc8b",
    "39ada8aa-0b9b-4aee-a77a-fdca93d133e6",
    "2febfd71-1dc0-4899-ab36-f6f2a1af0027",
    "62401f79-c323-47db-b598-562298019a80",
    "498086d9-dd2f-4191-96c8-e447b11c7de2",
    "77a57e79-2794-4c66-81d6-abd69e40aac7",
    "9cc64934-f3e2-46c9-ad2b-a08c80b6cfa8",
    "c0e0e853-613e-4915-8bcc-f301e2766288",
    "4bff1a3d-6e98-4282-b1f9-314e90089a3f",
    "429aa721-bb85-4af5-a6b8-5f39ee1c9132",
    "cd4827e9-629e-4b71-a8a9-e1f62dadb9e8",
    "94d75566-fceb-4823-9055-0dfb02ee7f23",
    "2ecc17e5-3505-4cc1-b3b0-5c028699919a",
    "9b409986-c972-475b-b429-50a28d525b3e",
    "f396a691-41a6-4231-84d4-90ca9c52fc00",
    "eb772cef-86e5-467e-b36d-07247014a465",
    "e96f9335-416c-42c3-a52f-e982cea07537",
    "f095433a-f2c6-478a-89e9-9349044da84d",
    "8981f18f-d3f9-4c06-95aa-e4b72f7b3f39",
    "03f3d180-0050-4d3f-8f3b-1b55f39d0089",
    "0da0dfe0-33f7-47cb-838a-0e78d7cb37d2",
    "b00d45b0-19d5-4ba3-87bb-478873987a97",
    "393ead19-a452-4d63-af29-c81480524023",
    "d7cd8183-af63-4bfe-b1ca-10a93d1f5ab2",
    "5fd61c02-b440-4114-8bf7-ac5d0cbcc804",
    "bb254041-af54-413b-9775-310ad232e1f8",
    "d77c99ff-871f-454c-b7aa-76635729f1b5",
    "c60348ab-1baa-435e-b7b5-fe1b474b693c",
    "bfec2274-12bd-4f22-ba09-76bcbf48d2d2",
    "b51d6deb-3e53-4285-b7cc-928beb929fb1",
    "4b08ed47-81f0-4ca1-be4c-577e99a76db7",
    "e5964701-4de8-468c-80b1-cb7257b29cec",
    "92e2505b-91c9-4fda-958d-197d8e1d61fe",
    "8623a028-c62f-4977-9fbe-79aff90c847a",
    "e95c3038-725c-44b4-9bc0-8cf5a5444508",
    "87fcca38-d47a-44b5-b289-bd15d070cd88",
    "0c0ce800-f23f-445e-ba92-e674441890a3",
    "40a17a35-56ce-4199-9b80-b2bac6d0cf03",
    "7fc37668-6407-4add-b2a7-ec0689141067",
    "68de924e-3191-46ac-a1c1-b4b826e28c80",
    "edf78d86-168a-4096-ad45-a94cf52ab156",
    "5f33fd72-0d0d-498d-ae94-599b7e26b0e1",
    "f8b67574-e2af-4460-893f-b7fcc826c71e",
    "556366dd-39cf-4da9-85cf-6056537638a5",
    "271ffa91-718f-4e15-9acd-83846b6ff787",
    "c0e2386b-30da-4b07-9274-19e0551e3ec7",
    "2410ef1e-9a76-41ac-b815-cdd3c77ba174",
    "2114f5b9-3a85-49b2-94a5-22b3ba78db2e",
    "c446d87f-b8be-434c-9052-ec7a956f6925",
    "5617fd22-8575-4d29-8bd3-36a4602409de",
    "38f6e353-e889-4aa1-b5f7-baf46d2c73e7",
    "acf87470-fb04-4179-aa4b-2471b23175dd",
    "b2bbcdbe-981a-4438-a750-4db01076d421",
    "20bd927f-2886-4b36-93cb-86bf8db66af9",
    "627412ee-6a1a-43fd-89e8-9f83ab944b90",
    "145adaf2-675a-4ac6-ba27-fbf82c57d302",
    "a51a98bf-9a03-4b5f-a609-b625dac1b831",
    "16c3877b-4092-4a99-99bb-43e144042b79",
    "8581364b-e83a-480a-b18f-6ccef6f79ed8",
    "ab4438ed-53de-47bb-818e-40083ca7d997",
    "27772a62-15e5-4921-aed6-d68102ca2fa1",
    "fac5910d-1e81-47d7-80e8-1a42ea0896b3",
    "015eec50-74ef-439f-95f7-3d1d1711e525",
    "34132c52-686f-44e3-abfe-5dce612d61c5",
    "dfc2f2db-6467-48fb-a04e-6a3ff527823b",
    "d3f65a0d-545d-468e-875b-e168faf88d8f",
    "6889cd87-03cd-4e60-afc8-95cef54fcdf0",
    "2f3c84d4-2f5c-48fd-87ed-2872c3ce6863",
    "ef9872aa-9d9b-4bbc-ad63-67cb3d25833e",
    "c4816c28-095e-4a96-981c-379abf063e37",
    "4880a27d-5537-438a-9791-66262d2bdeb2",
    "6e4d5d05-0e04-4e61-ae77-5d744be8a894",
    "57f6fdb2-e593-4fcd-93c5-74e629c35b6e",
    "0e0c076e-ee03-48f4-962f-286fde6fbe36",
    "002d6272-b5d8-496a-8063-22e5a671ca97",
    "f7141a38-80e5-4218-bc35-27590f57f881",
    "fb99e741-b48f-4cd0-a2b0-80a964a69d02",
    "dc46c83b-694d-493f-ba11-5532b3bfecfe",
    "7ac9cb30-a302-4740-aaa4-673c6af41f7d",
    "9ef27b85-9743-4eda-ac64-142e74e2d630",
    "ae45646f-c7cb-40df-8078-97412741f1e2",
    "2d6e142d-102a-4913-9f7c-b30ce3af038c",
    "ef026f3f-1041-4a70-b113-c4be109a06ec",
    "2ac0f383-e95f-4f19-ae56-ef01c0f883e0",
    "28f221ac-d3f3-4ff4-9066-4ee444cfe2a9",
    "1c60132e-31cf-4e19-b605-12e8676021c4",
    "ac18f74c-e8b3-4f8e-934f-f262f9426fc7",
    "16f89028-5c6f-4fbd-9d14-a4f2a41c04fe",
    "a4326ea2-c004-465f-9874-cefdbc8d2717",
    "2f491360-64c2-4176-8bc9-3e39d70407bd",
    "ac527f68-0436-49cc-9cf1-3f21b9532429",
    "6b54c694-4deb-4d34-a8a8-5a93243a2b36"
  ]
}