{
  "rows": 12,
  "cols": 12,
  "grid_positions": {
    "a6b9cae9-cda5-4f50-8192-347ac669a6bb": {
      "i": 11,
      "j": 8
    },
    "d027f6ae-6773-404d-bac4-7f78d697479a": {
      "i": 0,
      "j": 7
    },
    "7170593c-4f0e-44f7-920e-82b2435f40a2": {
      "i": 6,
      "j": 2
    },
    "ae2c022c-ad7d-48f5-be14-d2cf391aa0a1": {
      "i": 3,
      "j": 10
    },
    "25c6a73b-07ee-4d2b-a08c-5bdac2f7f730": {
      "i": 3,
      "j": 9
    },
    "463f3971-cacb-4787-a467-547decc0738d": {
      "i": 2,
      "j": 2
    },
    "5dcafa73-a6ae-402b-b1ee-06fb4fd13da4": {
      "i": 9,
      "j": 4
    },
    "cb07269d-4c6a-4a30-8192-7caf0a073821": {
      "i": 1,
      "j": 1
    },
    "c0336172-6731-48de-a847-ae1ccf1d4347": {
      "i": 10,
      "j": 3
    },
    "2a1d27ab-8ff5-4754-9e5b-f2a09a210e74": {
      "i": 7,
      "j": 10
    },
    "fdbf0b29-85dc-43ed-a58e-fa9b3a10da30": {
      "i": 2,
      "j": 1
    },
    "6b8e3a80-43a2-4c9c-9643-414e3eba28fe": {
      "i": 3,
      "j": 4
    },
    "817b4f72-96ae-4e02-b752-3f9d48a3d925": {
      "i": 6,
      "j": 10
    },
    "164f63f3-59c8-4710-9cef-fe2eaea29a80": {
      "i": 6,
      "j": 4
    },
    "e9a27faf-d613-4eaa-9f29-41b8a92a1a81": {
      "i": 10,
      "j": 1
    },
    "1009d4d1-210c-41ee-8657-f0a1c85808d1": {
      "i": 8,
      "j": 2
    },
    "cdd65ed7-ba72-4338-a7e3-c3390f1d5f5e": {
      "i": 10,
      "j": 7
    },
    "9631ca4a-2ff9-49e5-a16f-5ccb54c723d9": {
      "i": 4,
      "j": 10
    },
    "9018af48-c164-48b7-8089-a55a136f0bb4": {
      "i": 5,
      "j": 9
    },
    "de96aac3-20a9-4d8e-a2b1-82547a99f851": {
      "i": 8,
      "j": 6
    },
    "a9ddf949-ad9b-4323-a789-6eaf5b84c245": {
      "i": 3,
      "j": 7
    },
    "0906306b-8adf-4141-806a-418df045c731": {
      "i": 6,
      "j": 0
    },
    "ad93c980-766a-4472-90bd-dd5b74084a6c": {
      "i": 1,
      "j": 3
    },
    "18d4a3aa-c678-4709-95c9-0058f3ba34b9": {
      "i": 7,
      "j": 4
    },
    "1b6cbf70-69d2-4259-8c69-3ef52358c864": {
      "i": 4,
      "j": 6
    },
    "e855bd8c-f85e-4180-af4e-6e879ba84dba": {
      "i": 10,
      "j": 11
    },
    "3fd99f5b-fbbc-479d-9edb-a44ebd502619": {
      "i": 4,
      "j": 1
    },
    "ba15c8c6-c8a9-435c-950e-db36f08ffd30": {
      "i": 7,
      "j": 3
    },
    "e7c24b36-55f5-4b20-b592-6f8ab952a8a6": {
      "i": 7,
      "j": 6
    },
    "eb108498-90f3-46ff-bdc8-618601424f3f": {
      "i": 5,
      "j": 1
    },
    "a354c886-38ab-418c-899b-a887f4654a55": {
      "i": 3,
      "j": 5
    },
    "fc73b51d-8e85-4d3d-9e96-7ab74fee1e02": {
      "i": 1,
      "j": 5
    },
    "96757533-50ef-48f2-8ce9-a6572b9acca8": {
      "i": 7,
      "j": 7
    },
    "630bc5c1-c966-4820-986d-3878b6379063": {
      "i": 1,
      "j": 6
    },
    "d36ac5b9-4599-45f6-9404-4f49ddcde157": {
      "i": 2,
      "j": 9
    },
    "771972ec-9c73-4e1d-8e90-ed1638f5cb5f": {
      "i": 4,
      "j": 2
    },
    "a92833af-17fd-489b-adf3-bfa807a7e7b4": {
      "i": 0,
      "j": 9
    },
    "b0edf101-eb6a-4963-80bf-f6a9ba14fc6d": {
      "i": 9,
      "j": 2
    },
    "50df7627-97f6-4358-bc5f-c2f443461382": {
      "i": 2,
      "j": 5
    },
    "c0009534-d5ab-49c5-828f-341832cb4ba0": {
      "i": 6,
      "j": 5
    },
    "889dd060-74f2-4eba-b681-c3127be99b7a": {
      "i": 4,
      "j": 7
    },
    "a3534e39-9633-42d9-9c8c-4bb4b5adffac": {
      "i": 3,
      "j": 2
    },
    "8fcbe778-e33d-4489-a7eb-6a4bdc8d53e7": {
      "i": 7,
      "j": 5
    },
    "a431ed0a-4f9e-4642-9017-9331401fbc85": {
      "i": 10,
      "j": 9
    },
    "057da05f-a4c3-4f13-a960-dd85191d286a": {
      "i": 2,
      "j": 3
    },
    "76844e72-a87e-44fb-b4b9-feaa8bb054b7": {
      "i": 7,
      "j": 2
    },
    "aa7a4f56-b33e-4baa-a602-5494961a8b08": {
      "i": 3,
      "j": 1
    },
    "07bf10e9-435d-4633-913a-676198bf7267": {
      "i": 5,
      "j": 0
    },
    "e9f5a987-c23d-4fa1-9b29-b3989cd87148": {
      "i": 7,
      "j": 0
    },
    "352c0d2f-8bc6-458f-8415-e11529e5b9ba": {
      "i": 7,
      "j": 11
    },
    "15d6f6ff-971a-44fc-99c7-5308866e377b": {
      "i": 6,
      "j": 11
    },
    "6345fa52-de62-4068-bb38-0632281bb87b": {
      "i": 7,
      "j": 1
    },
    "28df03d1-2250-4f4b-9ac9-8c634028a7ce": {
      "i": 5,
      "j": 7
    },
    "b7a2cc3f-0b8c-4de0-b720-6c4ac4513476": {
      "i": 9,
      "j": 3
    },
    "34f574cb-4c95-40e9-a135-1109d908e77b": {
      "i": 2,
      "j": 11
    },
    "b17d517a-3f5c-4eba-b59d-24cc768d52db": {
      "i": 0,
      "j": 3
    },
    "964db641-bfaa-400d-8c42-3642082caa05": {
      "i": 1,
      "j": 9
    },
    "b6111266-398f-4da0-825d-33b99dd5f80e": {
      "i": 6,
      "j": 9
    },
    "d342e9af-e6e5-4a51-b87c-da7151829841": {
      "i": 10,
      "j": 6
    },
    "3082dde6-60de-4073-b11d-49fe2ef9af8a": {
      "i": 6,
      "j": 3
    },
    "4ff11cc9-9354-4bb0-b759-e9e9e25c4494": {
      "i": 2,
      "j": 10
    },
    "b5d2f931-67e9-4fca-a88e-e42f8fab74a5": {
      "i": 9,
      "j": 9
    },
    "5693ffa9-a7dc-4e2a-9142-6b4d41c1dfcc": {
      "i": 9,
      "j": 6
    },
    "fb89762a-b5ee-427a-a9ab-09581d95309c": {
      "i": 0,
      "j": 5
    },
    "37d3bc00-bd63-4e0f-a616-6abd6aa759a9": {
      "i": 10,
      "j": 8
    },
    "a33de066-88b2-4990-b3aa-f7d470dfb6fb": {
      "i": 9,
      "j": 11
    },
    "81177b61-e04b-4c43-be3e-756b9804bcba": {
      "i": 1,
      "j": 11
    },
    "a350033c-45af-4e6e-9e7a-a5654d56a816": {
      "i": 8,
      "j": 9
    },
    "8cf630fe-0d90-440f-ab08-6dee5a43b2dd": {
      "i": 5,
      "j": 5
    },
    "1f6b9067-354e-4744-879b-4926747790cb": {
      "i": 6,
      "j": 6
    },
    "d3e17398-aaf1-4332-bf71-5e78e8182ba7": {
      "i": 10,
      "j": 5
    },
    "757a87a6-ded7-4dcb-9252-094fcacaa403": {
      "i": 9,
      "j": 0
    },
    "279c55af-3db7-4b7b-9095-b7b15c8765d9": {
      "i": 1,
      "j": 8
    },
    "425e4200-d2fc-4436-84a3-b7a5ad163b9c": {
      "i": 8,
      "j": 0
    },
    "d00212e7-ca87-4ce0-991f-323d18df199d": {
      "i": 1,
      "j": 7
    },
    "549036e1-b9e0-421a-bf09-c043ac10b560": {
      "i": 8,
      "j": 8
    },
    "10577e1e-dd75-4a37-900c-03b46a4dc0c4": {
      "i": 4,
      "j": 8
    },
    "0074380b-10ba-4bf0-9f03-7e8505bd0371": {
      "i": 8,
      "j": 5
    },
    "05aec6b4-892c-4dbb-83db-8e5337a9cdf4": {
      "i": 4,
      "j": 11
    },
    "0fed7829-776f-4ec5-8294-a03098d99920": {
      "i": 3,
      "j": 8
    },
    "6609ea63-318c-4616-bc1a-e19c8cd1b7ad": {
      "i": 1,
      "j": 10
    },
    "a67bdc38-86be-4b46-9831-3bf709bbcd81": {
      "i": 11,
      "j": 1
    },
    "c9c8a88d-0466-48d8-95c2-60eb81ed7738": {
      "i": 2,
      "j": 7
    },
    "f6e54374-8615-4bed-9eac-1214e170cf8c": {
      "i": 6,
      "j": 1
    },
    "fc7bfc8c-32e6-48aa-be14-8fe609540b09": {
      "i": 7,
      "j": 9
    },
    "b7c7a0b2-c150-4c58-83b1-ee4a032f9d5f": {
      "i": 1,
      "j": 4
    },
    "ef2860c7-57a9-4af1-908d-1531d8e371fc": {
      "i": 4,
      "j": 4
    },
    "f986085b-3125-45e8-abee-b940c2444887": {
      "i": 11,
      "j": 7
    },
    "3e6e8a21-4394-45a0-9409-b5cb35656da4": {
      "i": 5,
      "j": 6
    },
    "34d4f5d0-6056-4d9b-b237-7216f308dc00": {
      "i": 7,
      "j": 8
    },
    "f916e7c7-7eaa-48eb-a28e-8f4eefc09e73": {
      "i": 3,
      "j": 3
    },
    "fd13d1e4-260e-494d-a6a3-488dfb199f5e": {
      "i": 9,
      "j": 7
    },
    "f8559a59-0307-4a74-9451-eb212b1b8a36": {
      "i": 4,
      "j": 3
    },
    "a8df556d-6a44-4555-9b7e-6f3a0f383866": {
      "i": 10,
      "j": 2
    },
    "62db10cf-78f4-4088-b80d-922df7fa70fc": {
      "i": 5,
      "j": 4
    },
    "cf5534bc-2a5b-4171-bfb9-7c4b6574c17b": {
      "i": 3,
      "j": 11
    },
    "ed3e8b31-8e4e-40cd-8761-564433ed415d": {
      "i": 10,
      "j": 10
    },
    "a5bd49ff-2ab7-4a54-864f-c20abcd7086d": {
      "i": 5,
      "j": 10
    },
    "d8544342-4dfb-4a96-ac6e-852104a78c04": {
      "i": 4,
      "j": 5
    },
    "3ec55533-9707-45bb-8543-5a211b1616a3": {
      "i": 4,
      "j": 0
    },
    "d6041369-3ca2-444d-8948-2e08f5568215": {
      "i": 9,
      "j": 10
    },
    "76f231a2-4cc4-4e5f-8a55-a4d340c7009a": {
      "i": 11,
      "j": 6
    },
    "d6bf4d85-2370-4ab5-b212-7ba50882320d": {
      "i": 9,
      "j": 5
    },
    "eb8de2f9-76a8-44ac-a51a-00f4c8267b25": {
      "i": 8,
      "j": 4
    },
    "56104128-8df3-46d6-b6c8-2a1c78f27797": {
      "i": 8,
      "j": 1
    },
    "d1a79d36-c550-4243-87f9-d12660072700": {
      "i": 5,
      "j": 2
    },
    "87826f19-3cec-4a02-968d-ebd7e60f7427": {
      "i": 10,
      "j": 4
    },
    "aaae5d57-d2a5-4850-8fc2-3b769bfd649e": {
      "i": 2,
      "j": 6
    },
    "ec052215-7fe0-4348-aabe-77daea235522": {
      "i": 9,
      "j": 1
    },
    "c30e0f8c-70cd-40c5-b0c6-3ad2cb529ce9": {
      "i": 4,
      "j": 9
    },
    "5e803143-cc8b-41f1-a058-7dc2c544fd24": {
      "i": 11,
      "j": 9
    },
    "f0766acb-bae1-4055-b274-0be83ce5b788": {
      "i": 6,
      "j": 8
    },
    "1d38515c-d473-454c-a2b6-8e2920963c7a": {
      "i": 8,
      "j": 7
    },
    "08b09838-086c-4f7c-af29-0e89d153bb74": {
      "i": 5,
      "j": 8
    },
    "c4f6a32f-b6ce-4657-8cd9-ede0edcc2c67": {
      "i": 9,
      "j": 8
    },
    "c64323ed-1540-419d-a991-9be5a2c29ab5": {
      "i": 2,
      "j": 8
    },
    "d5a290ba-01ea-44de-a0dd-d7e8d4c1514a": {
      "i": 8,
      "j": 11
    },
    "c4c2c9ff-c16b-42bd-acdd-340658a2ce27": {
      "i": 2,
      "j": 4
    },
    "519386f7-953c-412e-a4f8-45abf7fb5a8d": {
      "i": 6,
      "j": 7
    },
    "5ea13e8a-c73b-474b-9900-4579ef30a8c0": {
      "i": 3,
      "j": 0
    },
    "46d1e764-cee8-4216-b1a9-2aa718a12910": {
      "i": 1,
      "j": 2
    },
    "548efe25-03da-4a41-9883-9ca986baf200": {
      "i": 8,
      "j": 3
    },
    "ae7d7670-f944-42b1-ac66-c91aa59f26c1": {
      "i": 0,
      "j": 6
    },
    "c1553ea3-88e3-4919-ba47-e99ee0591ee1": {
      "i": 8,
      "j": 10
    },
    "beda56ab-242a-4095-98de-9e96254041d6": {
      "i": 5,
      "j": 11
    },
    "53ef0e60-986e-4c93-a51e-588649bea3b0": {
      "i": 5,
      "j": 3
    },
    "5fe7871a-5191-4c73-980a-5b2d247e1413": {
      "i": 3,
      "j": 6
    },
    "a50dc6bf-44fc-434f-b547-201c89d83a5f": {
      "i": 11,
      "j": 2
    }
  },
  "representative_keys": [
    "a6b9cae9-cda5-4f50-8192-347ac669a6bb",
    "d027f6ae-6773-404d-bac4-7f78d697479a",
    "7170593c-4f0e-44f7-920e-82b2435f40a2",
    "ae2c022c-ad7d-48f5-be14-d2cf391aa0a1",
    "25c6a73b-07ee-4d2b-a08c-5bdac2f7f730",
    "463f3971-cacb-4787-a467-547decc0738d",
    "5dcafa73-a6ae-402b-b1ee-06fb4fd13da4",
    "cb07269d-4c6a-4a30-8192-7caf0a073821",
    "c0336172-6731-48de-a847-ae1ccf1d4347",
    "2a1d27ab-8ff5-4754-9e5b-f2a09a210e74",
    "fdbf0b29-85dc-43ed-a58e-fa9b3a10da30",
    "6b8e3a80-43a2-4c9c-9643-414e3eba28fe",
    "817b4f72-96ae-4e02-b752-3f9d48a3d925",
    "164f63f3-59c8-4710-9cef-fe2eaea29a80",
    "e9a27faf-d613-4eaa-9f29-41b8a92a1a81",
    "1009d4d1-210c-41ee-8657-f0a1c85808d1",
    "cdd65ed7-ba72-4338-a7e3-c3390f1d5f5e",
    "9631ca4a-2ff9-49e5-a16f-5ccb54c723d9",
    "9018af48-c164-48b7-8089-a55a136f0bb4",
    "de96aac3-20a9-4d8e-a2b1-82547a99f851",
    "a9ddf949-ad9b-4323-a789-6eaf5b84c245",
    "0906306b-8adf-4141-806a-418df045c731",
    "ad93c980-766a-4472-90bd-dd5b74084a6c",
    "18d4a3aa-c678-4709-95c9-0058f3ba34b9",
    "1b6cbf70-69d2-4259-8c69-3ef52358c864",
    "e855bd8c-f85e-4180-af4e-6e879ba84dba",
    "3fd99f5b-fbbc-479d-9edb-a44ebd502619",
    "ba15c8c6-c8a9-435c-950e-db36f08ffd30",
    "e7c24b36-55f5-4b20-b592-6f8ab952a8a6",
    "eb108498-90f3-46ff-bdc8-618601424f3f",
    "a354c886-38ab-418c-899b-a887f4654a55",
    "fc73b51d-8e85-4d3d-9e96-7ab74fee1e02",
    "96757533-50ef-48f2-8ce9-a6572b9acca8",
    "630bc5c1-c966-4820-986d-3878b6379063",
    "d36ac5b9-4599-45f6-9404-4f49ddcde157",
    "771972ec-9c73-4e1d-8e90-ed1638f5cb5f",
    "a92833af-17fd-489b-adf3-bfa807a7e7b4",
    "b0edf101-eb6a-4963-80bf-f6a9ba14fc6d",
    "50df7627-97f6-4358-bc5f-c2f443461382",
    "c0009534-d5ab-49c5-828f-341832cb4ba0",
    "889dd060-74f2-4eba-b681-c3127be99b7a",
    "a3534e39-9633-42d9-9c8c-4bb4b5adffac",
    "8fcbe778-e33d-4489-a7eb-6a4bdc8d53e7",
    "a431ed0a-4f9e-4642-9017-9331401fbc85",
    "057da05f-a4c3-4f13-a960-dd85191d286a",
    "76844e72-a87e-44fb-b4b9-feaa8bb054b7",
    "aa7a4f56-b33e-4baa-a602-5494961a8b08",
    "07bf10e9-435d-4633-913a-676198bf7267",
    "e9f5a987-c23d-4fa1-9b29-b3989cd87148",
    "352c0d2f-8bc6-458f-8415-e11529e5b9ba",
    "15d6f6ff-971a-44fc-99c7-5308866e377b",
    "6345fa52-de62-4068-bb38-0632281bb87b",
    "28df03d1-2250-4f4b-9ac9-8c634028a7ce",
    "b7a2cc3f-0b8c-4de0-b720-6c4ac4513476",
    "34f574cb-4c95-40e9-a135-1109d908e77b",
    "b17d517a-3f5c-4eba-b59d-24cc768d52db",
    "964db641-bfaa-400d-8c42-3642082caa05",
    "b6111266-398f-4da0-825d-33b99dd5f80e",
    "d342e9af-e6e5-4a51-b87c-da7151829841",
    "3082dde6-60de-4073-b11d-49fe2ef9af8a",
    "4ff11cc9-9354-4bb0-b759-e9e9e25c4494",
    "b5d2f931-67e9-4fca-a88e-e42f8fab74a5",
    "5693ffa9-a7dc-4e2a-9142-6b4d41c1dfcc",
    "fb89762a-b5ee-427a-a9ab-09581d95309c",
    "37d3bc00-bd63-4e0f-a616-6abd6aa759a9",
    "a33de066-88b2-4990-b3aa-f7d470dfb6fb",
    "81177b61-e04b-4c43-be3e-756b9804bcba",
    "a350033c-45af-4e6e-9e7a-a5654d56a816",
    "8cf630fe-0d90-440f-ab08-6dee5a43b2dd",
    "1f6b9067-354e-4744-879b-4926747790cb",
    "d3e17398-aaf1-4332-bf71-5e78e8182ba7",
    "757a87a6-ded7-4dcb-9252-094fcacaa403",
    "279c55af-3db7-4b7b-9095-b7b15c8765d9",
    "425e4200-d2fc-4436-84a3-b7a5ad163b9c",
    "d00212e7-ca87-4ce0-991f-323d18df199d",
    "549036e1-b9e0-421a-bf09-c043ac10b560",
    "10577e1e-dd75-4a37-900c-03b46a4dc0c4",
    "0074380b-10ba-4bf0-9f03-7e8505bd0371",
    "05aec6b4-892c-4dbb-83db-8e5337a9cdf4",
    "0fed7829-776f-4ec5-8294-a03098d99920",
    "6609ea63-318c-4616-bc1a-e19c8cd1b7ad",
    "a67bdc38-86be-4b46-9831-3bf709bbcd81",
    "c9c8a88d-0466-48d8-95c2-60eb81ed7738",
    "f6e54374-8615-4bed-9eac-1214e170cf8c",
    "fc7bfc8c-32e6-48aa-be14-8fe609540b09",
    "b7c7a0b2-c150-4c58-83b1-ee4a032f9d5f",
    "ef2860c7-57a9-4af1-908d-1531d8e371fc",
    "f986085b-3125-45e8-abee-b940c2444887",
    "3e6e8a21-4394-45a0-9409-b5cb35656da4",
    "34d4f5d0-6056-4d9b-b237-7216f308dc00",
    "f916e7c7-7eaa-48eb-a28e-8f4eefc09e73",
    "fd13d1e4-260e-494d-a6a3-488dfb199f5e",
    "f8559a59-0307-4a74-9451-eb212b1b8a36",
    "a8df556d-6a44-4555-9b7e-6f3a0f383866",
    "62db10cf-78f4-4088-b80d-922df7fa70fc",
    "cf5534bc-2a5b-4171-bfb9-7c4b6574c17b",
    "ed3e8b31-8e4e-40cd-8761-564433ed415d",
    "a5bd49ff-2ab7-4a54-864f-c20abcd7086d",
    "d8544342-4dfb-4a96-ac6e-852104a78c04",
    "3ec55533-9707-45bb-8543-5a211b1616a3",
    "d6041369-3ca2-444d-8948-2e08f5568215",
    "76f231a2-4cc4-4e5f-8a55-a4d340c7009a",
    "d6bf4d85-2370-4ab5-b212-7ba50882320d",
    "eb8de2f9-76a8-44ac-a51a-00f4c8267b25",
    "56104128-8df3-46d6-b6c8-2a1c78f27797",
    "d1a79d36-c550-4243-87f9-d12660072700",
    "87826f19-3cec-4a02-968d-ebd7e60f7427",
    "aaae5d57-d2a5-4850-8fc2-3b769bfd649e",
    "ec052215-7fe0-4348-aabe-77daea235522",
    "c30e0f8c-70cd-40c5-b0c6-3ad2cb529ce9",
    "5e803143-cc8b-41f1-a058-7dc2c544fd24",
    "f0766acb-bae1-4055-b274-0be83ce5b788",
    "1d38515c-d473-454c-a2b6-8e2920963c7a",
    "08b09838-086c-4f7c-af29-0e89d153bb74",
    "c4f6a32f-b6ce-4657-8cd9-ede0edcc2c67",
    "c64323ed-1540-419d-a991-9be5a2c29ab5",
    "d5a290ba-01ea-44de-a0dd-d7e8d4c1514a",
    "c4c2c9ff-c16b-42bd-acdd-340658a2ce27",
    "519386f7-953c-412e-a4f8-45abf7fb5a8d",
    "5ea13e8a-c73b-474b-9900-4579ef30a8c0",
    "46d1e764-cee8-4216-b1a9-2aa718a12910",
    "548efe25-03da-4a41-9883-9ca986baf200",
    "ae7d7670-f944-42b1-ac66-c91aa59f26c1",
    "c1553ea3-88e3-4919-ba47-e99ee0591ee1",
    "beda56ab-242a-4095-98de-9e96254041d6",
    "53ef0e60-986e-4c93-a51e-588649bea3b0",
    "5fe7871a-5191-4c73-980a-5b2d247e1413",
    "a50dc6bf-44fc-434f-b547-201c89d83a5f"
  ]
}