{
  "rows": 9,
  "cols": 9,
  "grid_positions": {
    "dd52f1eb-a1cd-4815-93d2-ecd00525e67b": {
      "i": 2,
      "j": 7
    },
    "c1103fe2-7fd2-4c6b-944c-c5223ce69b0c": {
      "i": 6,
      "j": 1
    },
    "401030b2-02a7-4182-b787-5399dd1cbb87": {
      "i": 6,
      "j": 5
    },
    "b9287e5d-db7c-4055-a76e-375edbd7a4dc": {
      "i": 0,
      "j": 2
    },
    "464bc9c0-ca5b-4f1e-b6e6-cba7253347ae": {
      "i": 8,
      "j": 1
    },
    "76b01b01-2cd9-4b5b-b105-6ed3359c00ee": {
      "i": 1,
      "j": 0
    },
    "83d01519-59af-4ba8-988f-1f46209a4957": {
      "i": 3,
      "j": 0
    },
    "5c955198-e027-462d-8c7f-98c539546537": {
      "i": 3,
      "j": 5
    },
    "306dfe0e-a066-4bb7-861d-4a358e6cd736": {
      "i": 8,
      "j": 5
    },
    "fa060a45-7ad1-43ab-9a14-853334ed7195": {
      "i": 4,
      "j": 7
    },
    "7424726d-b588-4de7-87cc-6580ce41bad4": {
      "i": 7,
      "j": 8
    },
    "6ad18288-948f-4ff6-bba1-fea53395dcee": {
      "i": 6,
      "j": 4
    },
    "23cda92b-6d6a-4889-b479-7195bc7aa0b9": {
      "i": 1,
      "j": 6
    },
    "4c4a9ba1-0077-4461-a054-9a8c6998c81c": {
      "i": 5,
      "j": 0
    },
    "276134ef-7674-4dc2-a203-e017d34bfa76": {
      "i": 7,
      "j": 4
    },
    "9a9c0b41-dd70-412f-80e2-d0e753ee0c6c": {
      "i": 1,
      "j": 2
    },
    "c8809fcf-777c-4350-b4b1-6515114c5386": {
      "i": 0,
      "j": 1
    },
    "304195af-ae01-4b3f-b8ed-229805c4f599": {
      "i": 3,
      "j": 2
    },
    "438c60ba-14e5-4e1a-9dad-b34577494255": {
      "i": 1,
      "j": 3
    },
    "b1448d10-e0aa-40c8-801a-5bdad0753815": {
      "i": 5,
      "j": 6
    },
    "07adb92a-8211-46a9-bce0-caa03c1d72f7": {
      "i": 4,
      "j": 1
    },
    "8ddbff8a-7185-4fe5-b0ea-606033b94687": {
      "i": 0,
      "j": 6
    },
    "2caf7034-e27f-4f76-8c5c-1c0a1b367f3d": {
      "i": 3,
      "j": 6
    },
    "a19fc43a-558a-41a2-a584-85eec58633e9": {
      "i": 4,
      "j": 4
    },
    "8630ae59-d95e-421e-a1c4-05925b0fce73": {
      "i": 7,
      "j": 7
    },
    "55c83503-3da2-4d18-ad5d-0dfb90070be3": {
      "i": 4,
      "j": 8
    },
    "701ab2dd-e82f-4751-9b7d-2a86058c523d": {
      "i": 1,
      "j": 8
    },
    "e5394f6d-6096-485b-ace5-fc152e28adfa": {
      "i": 5,
      "j": 3
    },
    "9b3ce158-6e4f-420a-a5d8-5d0e6bfc89f1": {
      "i": 4,
      "j": 2
    },
    "ea28c7a3-5242-4d36-8fa4-4391e3c7bc77": {
      "i": 5,
      "j": 5
    },
    "b3ead182-9d30-4412-b627-71b6ad441d6a": {
      "i": 7,
      "j": 2
    },
    "9144ceaf-ed63-4f34-adca-88b543319438": {
      "i": 7,
      "j": 1
    },
    "a720db97-ab0f-4b7e-8afa-3da0bbf13835": {
      "i": 5,
      "j": 7
    },
    "28972ca4-1f1e-46d3-ba71-856b9f857517": {
      "i": 3,
      "j": 1
    },
    "1d495a28-d173-4cf6-93e4-30e9c25d4728": {
      "i": 2,
      "j": 0
    },
    "4f8b9ff6-9fb8-4975-b5f4-09d7f5863dd2": {
      "i": 1,
      "j": 1
    },
    "9c44b8be-131a-478c-9178-6ac3bf3d8bed": {
      "i": 7,
      "j": 3
    },
    "0f4f11b8-7691-4e7a-9e1a-4f135612088c": {
      "i": 1,
      "j": 4
    },
    "21bca59b-8eac-4f72-aafd-124bd76fbb42": {
      "i": 2,
      "j": 2
    },
    "60580da8-fea1-41ad-95e6-f5904aa00e5f": {
      "i": 5,
      "j": 4
    },
    "59bb7e02-9209-4a3d-bd58-4810331a8922": {
      "i": 2,
      "j": 4
    },
    "59569f5c-ca48-47e0-b744-3b8654198637": {
      "i": 3,
      "j": 7
    },
    "0fa3a3a4-0124-443b-ab45-0013d9ce9461": {
      "i": 0,
      "j": 3
    },
    "ae70921e-1309-4bf8-9d96-bc9a89cd559b": {
      "i": 2,
      "j": 6
    },
    "39b2afe2-7b6c-467c-8998-df0596bc4556": {
      "i": 7,
      "j": 5
    },
    "02cdf513-57ae-4efb-814e-08a385b723b3": {
      "i": 4,
      "j": 6
    },
    "d3088bd0-2ecd-4470-b9fc-1b0d65b619df": {
      "i": 0,
      "j": 8
    },
    "52e52a7d-d0ec-4531-81b9-0ea9c6b9b822": {
      "i": 1,
      "j": 5
    },
    "8a0bce00-fa1a-4cb6-8c5e-7344e7c8d02c": {
      "i": 2,
      "j": 8
    },
    "83219fc1-9ebd-4f20-85f6-16eeb0caf36b": {
      "i": 5,
      "j": 2
    },
    "794d0010-5c50-459b-8968-c3196186a640": {
      "i": 0,
      "j": 0
    },
    "bd336f26-530b-459e-a51b-7e51cc36dff8": {
      "i": 8,
      "j": 6
    },
    "9b418452-45a1-4376-8c65-aef3ca5cc5b3": {
      "i": 4,
      "j": 3
    },
    "d16700aa-60d9-48ee-85a6-14b50999afc8": {
      "i": 6,
      "j": 8
    },
    "80d0eb14-1ce2-490a-a8f3-670eafc75fa9": {
      "i": 8,
      "j": 8
    },
    "a1120e35-5762-4634-94d9-4d687bb749c6": {
      "i": 0,
      "j": 4
    },
    "567ce61b-723d-455d-8c66-e029df40426a": {
      "i": 7,
      "j": 0
    },
    "174181e8-432a-48a5-b043-10f344593680": {
      "i": 8,
      "j": 4
    },
    "04137269-a011-4608-a98c-f25eeaf5a320": {
      "i": 4,
      "j": 0
    },
    "e5e7de2d-7172-41a1-91ed-ab08fa3e523e": {
      "i": 8,
      "j": 3
    },
    "aac1cf28-4652-4fdd-bb0e-12b7abc18cda": {
      "i": 3,
      "j": 4
    },
    "a6f4033e-e227-400b-831d-ba8150fd7cea": {
      "i": 6,
      "j": 2
    },
    "62b242d1-2d14-4603-ae2b-2f34f6b81508": {
      "i": 3,
      "j": 8
    },
    "2c883725-f73e-48e6-877e-6e6189e28b22": {
      "i": 1,
      "j": 7
    },
    "e9fb2baf-813e-44b5-82c7-609a5a6b5d70": {
      "i": 5,
      "j": 1
    },
    "d7f2431a-9995-4dd7-888d-801a2e710a9d": {
      "i": 0,
      "j": 5
    },
    "1f6e0061-4e6d-4236-b6ac-70731d3a0670": {
      "i": 4,
      "j": 5
    },
    "2841f3df-044a-4209-b939-3959df65270b": {
      "i": 0,
      "j": 7
    },
    "7819987d-aac4-4d64-a0d8-333220ec4345": {
      "i": 8,
      "j": 2
    },
    "0ee3b6a8-becb-4767-aa34-b014f450a348": {
      "i": 3,
      "j": 3
    },
    "c8be9a7c-140c-4168-b699-cb163ce2b0e2": {
      "i": 6,
      "j": 7
    },
    "706ea48b-ca0e-44b3-be1e-8e09f5e54fc7": {
      "i": 6,
      "j": 6
    },
    "2b5d18ac-1f2e-49b3-b747-c61715673ae2": {
      "i": 2,
      "j": 1
    },
    "b7a3be5e-3aea-4a6a-abe7-130c1ddc1dff": {
      "i": 6,
      "j": 3
    },
    "a2e189fb-159d-4c57-a7c2-b4b1960f470a": {
      "i": 8,
      "j": 0
    },
    "fedbf45b-1397-44ce-9f1a-83864f6617a6": {
      "i": 7,
      "j": 6
    },
    "6fd4bc7f-7b7b-45aa-be41-ac55bebb2202": {
      "i": 2,
      "j": 5
    },
    "c589a3ff-c5b0-4cd2-a8c8-bdeac87d5b31": {
      "i": 5,
      "j": 8
    },
    "84d7bd8d-21e9-49ad-a0ff-1fd0583cf6df": {
      "i": 8,
      "j": 7
    },
    "616ef283-acdf-4d08-8aa0-893776959d45": {
      "i": 2,
      "j": 3
    },
    "46efe176-a91a-4bfb-b84f-83b166afb7ba": {
      "i": 6,
      "j": 0
    }
  },
  "representative_keys": [
    "dd52f1eb-a1cd-4815-93d2-ecd00525e67b",
    "c1103fe2-7fd2-4c6b-944c-c5223ce69b0c",
    "401030b2-02a7-4182-b787-5399dd1cbb87",
    "b9287e5d-db7c-4055-a76e-375edbd7a4dc",
    "464bc9c0-ca5b-4f1e-b6e6-cba7253347ae",
    "76b01b01-2cd9-4b5b-b105-6ed3359c00ee",
    "83d01519-59af-4ba8-988f-1f46209a4957",
    "5c955198-e027-462d-8c7f-98c539546537",
    "306dfe0e-a066-4bb7-861d-4a358e6cd736",
    "fa060a45-7ad1-43ab-9a14-853334ed7195",
    "7424726d-b588-4de7-87cc-6580ce41bad4",
    "6ad18288-948f-4ff6-bba1-fea53395dcee",
    "23cda92b-6d6a-4889-b479-7195bc7aa0b9",
    "4c4a9ba1-0077-4461-a054-9a8c6998c81c",
    "276134ef-7674-4dc2-a203-e017d34bfa76",
    "9a9c0b41-dd70-412f-80e2-d0e753ee0c6c",
    "c8809fcf-777c-4350-b4b1-6515114c5386",
    "304195af-ae01-4b3f-b8ed-229805c4f599",
    "438c60ba-14e5-4e1a-9dad-b34577494255",
    "b1448d10-e0aa-40c8-801a-5bdad0753815",
    "07adb92a-8211-46a9-bce0-caa03c1d72f7",
    "8ddbff8a-7185-4fe5-b0ea-606033b94687",
    "2caf7034-e27f-4f76-8c5c-1c0a1b367f3d",
    "a19fc43a-558a-41a2-a584-85eec58633e9",
    "8630ae59-d95e-421e-a1c4-05925b0fce73",
    "55c83503-3da2-4d18-ad5d-0dfb90070be3",
    "701ab2dd-e82f-4751-9b7d-2a86058c523d",
    "e5394f6d-6096-485b-ace5-fc152e28adfa",
    "9b3ce158-6e4f-420a-a5d8-5d0e6bfc89f1",
    "ea28c7a3-5242-4d36-8fa4-4391e3c7bc77",
    "b3ead182-9d30-4412-b627-71b6ad441d6a",
    "9144ceaf-ed63-4f34-adca-88b543319438",
    "a720db97-ab0f-4b7e-8afa-3da0bbf13835",
    "28972ca4-1f1e-46d3-ba71-856b9f857517",
    "1d495a28-d173-4cf6-93e4-30e9c25d4728",
    "4f8b9ff6-9fb8-4975-b5f4-09d7f5863dd2",
    "9c44b8be-131a-478c-9178-6ac3bf3d8bed",
    "0f4f11b8-7691-4e7a-9e1a-4f135612088c",
    "21bca59b-8eac-4f72-aafd-124bd76fbb42",
    "60580da8-fea1-41ad-95e6-f5904aa00e5f",
    "59bb7e02-9209-4a3d-bd58-4810331a8922",
    "59569f5c-ca48-47e0-b744-3b8654198637",
    "0fa3a3a4-0124-443b-ab45-0013d9ce9461",
    "ae70921e-1309-4bf8-9d96-bc9a89cd559b",
    "39b2afe2-7b6c-467c-8998-df0596bc4556",
    "02cdf513-57ae-4efb-814e-08a385b723b3",
    "d3088bd0-2ecd-4470-b9fc-1b0d65b619df",
    "52e52a7d-d0ec-4531-81b9-0ea9c6b9b822",
    "8a0bce00-fa1a-4cb6-8c5e-7344e7c8d02c",
    "83219fc1-9ebd-4f20-85f6-16eeb0caf36b",
    "794d0010-5c50-459b-8968-c3196186a640",
    "bd336f26-530b-459e-a51b-7e51cc36dff8",
    "9b418452-45a1-4376-8c65-aef3ca5cc5b3",
    "d16700aa-60d9-48ee-85a6-14b50999afc8",
    "80d0eb14-1ce2-490a-a8f3-670eafc75fa9",
    "a1120e35-5762-4634-94d9-4d687bb749c6",
    "567ce61b-723d-455d-8c66-e029df40426a",
    "174181e8-432a-48a5-b043-10f344593680",
    "04137269-a011-4608-a98c-f25eeaf5a320",
    "e5e7de2d-7172-41a1-91ed-ab08fa3e523e",
    "aac1cf28-4652-4fdd-bb0e-12b7abc18cda",
    "a6f4033e-e227-400b-831d-ba8150fd7cea",
    "62b242d1-2d14-4603-ae2b-2f34f6b81508",
    "2c883725-f73e-48e6-877e-6e6189e28b22",
    "e9fb2baf-813e-44b5-82c7-609a5a6b5d70",
    "d7f2431a-9995-4dd7-888d-801a2e710a9d",
    "1f6e0061-4e6d-4236-b6ac-70731d3a0670",
    "2841f3df-044a-4209-b939-3959df65270b",
    "7819987d-aac4-4d64-a0d8-333220ec4345",
    "0ee3b6a8-becb-4767-aa34-b014f450a348",
    "c8be9a7c-140c-4168-b699-cb163ce2b0e2",
    "706ea48b-ca0e-44b3-be1e-8e09f5e54fc7",
    "2b5d18ac-1f2e-49b3-b747-c61715673ae2",
    "b7a3be5e-3aea-4a6a-abe7-130c1ddc1dff",
    "a2e189fb-159d-4c57-a7c2-b4b1960f470a",
    "fedbf45b-1397-44ce-9f1a-83864f6617a6",
    "6fd4bc7f-7b7b-45aa-be41-ac55bebb2202",
    "c589a3ff-c5b0-4cd2-a8c8-bdeac87d5b31",
    "84d7bd8d-21e9-49ad-a0ff-1fd0583cf6df",
    "616ef283-acdf-4d08-8aa0-893776959d45",
    "46efe176-a91a-4bfb-b84f-83b166afb7ba"
  ]
}